Date,open,high,low,close,volume
2023-02-10 00:00:00-05:00,388.0768430374244,390.54381421799513,387.26410994237983,390.1613464355469,70769700
2023-02-13 00:00:00-05:00,390.81149214644563,394.875273798094,390.3525133608386,394.74139404296875,64913500
2023-02-14 00:00:00-05:00,393.22104214899304,396.864100329501,390.6106788806823,394.5597229003906,88389300
2023-02-15 00:00:00-05:00,392.3701118499811,395.9175463340548,391.52866525765285,395.841064453125,61555700
2023-02-16 00:00:00-05:00,390.8784407346895,394.8179138959173,390.25692701019995,390.3907775878906,76431500
2023-02-17 00:00:00-05:00,388.26803395095567,389.6545122847336,386.34609496505783,389.41546630859375,89257800
2023-02-21 00:00:00-05:00,385.39950609313314,386.4513142893378,381.34529542458307,381.60345458984375,82655900
2023-02-22 00:00:00-05:00,382.01461731866567,383.5540887169433,379.62415734279705,381.07757568359375,83742300
2023-02-23 00:00:00-05:00,383.96517386295295,384.57714551664407,378.8878400941684,383.1046142578125,96242400
2023-02-24 00:00:00-05:00,378.0942785897589,379.84408241701556,376.39227228887677,379.01220703125,108194400
2023-02-27 00:00:00-05:00,382.3492579579314,383.7070519585176,379.365968807818,380.30303955078125,80444700
2023-02-28 00:00:00-05:00,379.82496053517093,381.78512595829335,378.79226552930106,378.8974609375,96438600
2023-03-01 00:00:00-05:00,378.08474796543993,379.3086624121773,376.1436954636512,377.444091796875,99706800
2023-03-02 00:00:00-05:00,375.4742885040699,381.2209631061389,375.13961830151106,380.3795166015625,85127800
2023-03-03 00:00:00-05:00,382.1962660076362,386.7285976253681,381.54606794616154,386.47998046875,90120000
2023-03-06 00:00:00-05:00,387.3022850157021,389.59714976739536,386.3078747490803,386.7477111816406,72795900
2023-03-07 00:00:00-05:00,386.699921017692,386.93896700217493,380.20742390861926,380.8193664550781,108310600
2023-03-08 00:00:00-05:00,380.9341111603913,382.19625170885286,379.212962662717,381.4408874511719,74746600
2023-03-09 00:00:00-05:00,382.2249589763906,383.88873887527785,373.41851305631604,374.40338134765625,111945300
2023-03-10 00:00:00-05:00,373.8583166785041,375.9332484862883,367.48058669730784,369.00091552734375,189253000
2023-03-13 00:00:00-04:00,365.08059523708437,373.28466995051247,363.97141834242984,368.47503662109375,157790000
2023-03-14 00:00:00-04:00,373.38977088173,376.2105247410941,370.09092512623045,374.5658874511719,149752400
2023-03-15 00:00:00-04:00,368.9818788651893,372.4241181176825,366.8973754488771,372.22332763671875,172996900
2023-03-16 00:00:00-04:00,369.8710106095369,379.09817809644744,369.3642343818118,378.7539367675781,143254200
2023-03-17 00:00:00-04:00,377.4256197444262,378.55821591341066,372.94318572096427,374.3253479003906,140553400
2023-03-20 00:00:00-04:00,375.1028011958168,378.33746367070916,374.40214170963634,377.9247131347656,93055800
2023-03-21 00:00:00-04:00,381.28415054635593,383.3670015855469,379.69082383763816,382.8870849609375,91524200
2023-03-22 00:00:00-04:00,382.7142575848104,386.32321007597335,376.3217657060295,376.3601379394531,111746600
2023-03-23 00:00:00-04:00,379.22048781510506,383.25179889041164,374.6708879123496,377.37762451171875,119351300
2023-03-24 00:00:00-04:00,376.10099199884445,379.9403243336123,373.7589969312936,379.85394287109375,107682400
2023-03-27 00:00:00-04:00,382.1288028794633,382.8966870426311,379.6716321408978,380.56427001953125,74010400
2023-03-28 00:00:00-04:00,379.87320774489075,380.5642888800985,377.8767674052834,379.7100524902344,62871700
2023-03-29 00:00:00-04:00,383.8660584843338,385.46899270747423,382.6662670661032,385.2290344238281,77497900
2023-03-30 00:00:00-04:00,387.8589693504225,388.1085353397573,385.6225710265115,387.4846496582031,69840000
2023-03-31 00:00:00-04:00,388.4061147934353,393.24368242982905,388.30051790737826,392.9461364746094,112062600
2023-04-03 00:00:00-04:00,392.42776506097084,394.8465339049245,392.03422997869995,394.44342041015625,67391100
2023-04-04 00:00:00-04:00,395.08655642138893,395.37452397054454,390.88248211307797,392.25506591796875,66601500
2023-04-05 00:00:00-04:00,391.5255732993779,392.28384974684195,389.57711302940226,391.22802734375,65200200
2023-04-06 00:00:00-04:00,390.4313714897771,393.0325407601975,389.3851567329968,392.7541809082031,63743300
2023-04-10 00:00:00-04:00,390.27775752337686,393.23406013832266,389.66347951634174,393.1572570800781,63681000
2023-04-11 00:00:00-04:00,393.7812271299072,394.6642573806665,392.4950539964702,393.2629089355469,59297900
2023-04-12 00:00:00-04:00,395.3264818376402,395.61444936283374,391.0744279375137,391.659912109375,86420400
2023-04-13 00:00:00-04:00,392.7445509263928,397.21737725795947,391.60234704835096,396.86224365234375,85814800
2023-04-14 00:00:00-04:00,396.2288003118919,398.41721916409074,393.5892586164342,395.8928527832031,78161500
2023-04-17 00:00:00-04:00,395.80637894641507,397.3325100919648,394.5777937246766,397.3133239746094,66436400
2023-04-18 00:00:00-04:00,398.8874459715307,399.02183667204184,396.1999248791392,397.5724792480469,63560000
2023-04-19 00:00:00-04:00,395.6624479202901,398.4075568472331,395.60486027089866,397.5053405761719,55227300
2023-04-20 00:00:00-04:00,394.6930803804805,397.08308544169523,393.79083464989657,395.336181640625,75840400
2023-04-21 00:00:00-04:00,395.6336418065236,396.10395069254025,393.6947893230702,395.64324951171875,73457400
2023-04-24 00:00:00-04:00,395.44166194381876,396.4782981802782,394.1075090570705,396.05596923828125,64332100
2023-04-25 00:00:00-04:00,394.088292257947,394.6450119030647,389.7114553215701,389.76904296875,97766700
2023-04-26 00:00:00-04:00,390.38329370722647,391.4583020212297,387.56138223707813,388.1180725097656,80447000
2023-04-27 00:00:00-04:00,390.652086810784,396.11353970438057,390.40252082176045,395.84478759765625,92968400
2023-04-28 00:00:00-04:00,394.9617875942257,399.23305741321724,394.90419994068407,399.22344970703125,89433100
2023-05-01 00:00:00-04:00,398.78194148395835,400.8455772162606,398.589963107647,398.8203430175781,62122300
2023-05-02 00:00:00-04:00,398.11002828382885,398.1580375216088,391.4392047424731,394.337890625,103998500
2023-05-03 00:00:00-04:00,394.837004192524,397.24619509986604,391.3912062306647,391.63116455078125,91531800
2023-05-04 00:00:00-04:00,390.5849268562114,390.91126663739385,387.52305652796423,388.85723876953125,94901900
2023-05-05 00:00:00-04:00,392.48538864162396,397.1021838881152,392.22624422840113,396.05596923828125,87891800
2023-05-08 00:00:00-04:00,396.3823017131118,396.64144612156804,394.76018132750204,396.1615295410156,50046800
2023-05-09 00:00:00-04:00,394.6162031980649,395.53763480997924,394.1938742734827,394.4242248535156,49220100
2023-05-10 00:00:00-04:00,397.2557167367632,397.8892100796329,392.4469436701226,396.26708984375,96142900
2023-05-11 00:00:00-04:00,395.4032868637811,395.8639880395315,393.5028066384593,395.5760498046875,70157100
2023-05-12 00:00:00-04:00,396.8142503993596,397.0254148728848,392.63897016343816,395.0577392578125,70481500
2023-05-15 00:00:00-04:00,395.66246936913564,396.82385941720236,393.75241054660967,396.4207458496094,54289400
2023-05-16 00:00:00-04:00,395.31692397910456,396.2383850257728,393.7619987390595,393.7716064453125,57705500
2023-05-17 00:00:00-04:00,395.78721992832476,399.1562144912637,394.14591338269895,398.5515441894531,87287000
2023-05-18 00:00:00-04:00,398.23480532655367,402.8132286270494,398.0140624281471,402.3908996582031,97177200
2023-05-19 00:00:00-04:00,403.29311788250186,403.82101441184767,400.58638129995114,401.80535888671875,103793300
2023-05-22 00:00:00-04:00,401.8245977682805,403.50430592203884,400.58640469895295,401.96856689453125,60745400
2023-05-23 00:00:00-04:00,400.3271976557855,401.90133808318683,397.06377080135275,397.4573059082031,86383500
2023-05-24 00:00:00-04:00,395.8543837451471,396.2383111304324,393.41639944632345,394.5777893066406,89213700
2023-05-25 00:00:00-04:00,398.0812240048889,399.4442000783956,395.84482546980115,397.9948425292969,90961600
2023-05-26 00:00:00-04:00,398.6475494260872,403.86904489294824,398.5707756508926,403.149169921875,93830000
2023-05-30 00:00:00-04:00,405.0783704702366,405.60626696953454,401.9205113036728,403.30267333984375,72216000
2023-05-31 00:00:00-04:00,401.47897485167186,402.38122027969905,399.50172107325835,401.0662536621094,110811800
2023-06-01 00:00:00-04:00,401.29664281865877,405.93265339027886,400.04887142591303,404.8768310546875,88865000
2023-06-02 00:00:00-04:00,407.44919955900986,411.5188830151562,406.92130300774403,410.7318420410156,91426200
2023-06-05 00:00:00-04:00,411.0774205267335,412.36359368369943,409.24413533747776,409.94482421875,65460200
2023-06-06 00:00:00-04:00,409.53201283462573,411.36526832885664,408.87930404707026,410.8373718261719,64022200
2023-06-07 00:00:00-04:00,411.2309077542299,412.36350381538136,408.99448016231673,409.41680908203125,85373300
2023-06-08 00:00:00-04:00,409.48405866767195,412.34437231335727,408.71620378018724,411.89324951171875,61952800
2023-06-09 00:00:00-04:00,412.689850828952,414.63831094166113,411.6436362158996,412.63226318359375,85742800
2023-06-12 00:00:00-04:00,413.61131547404943,416.45241340725585,412.8914406087862,416.3756103515625,76104300
2023-06-13 00:00:00-04:00,417.8345851160925,419.76382988102273,417.1722978814529,419.1207580566406,95899700
2023-06-14 00:00:00-04:00,419.45674831132544,421.42439480568777,416.1741056268984,419.6199035644531,100612100
2023-06-15 00:00:00-04:00,418.8040614185362,426.07000671204355,418.70810151955646,424.8222351074219,110303100
2023-06-16 00:00:00-04:00,426.80484934957235,427.3732510116979,422.9030966686289,423.3751525878906,114165800
2023-06-20 00:00:00-04:00,421.4387558395076,422.32506614292663,419.1073181445954,421.1786193847656,76160400
2023-06-21 00:00:00-04:00,420.19597746428883,420.995585443212,418.43294139177686,419.0206298828125,76982300
2023-06-22 00:00:00-04:00,418.0667832912389,420.6390407754928,417.72958794220574,420.5330810546875,70637200
2023-06-23 00:00:00-04:00,417.0841314152319,419.13617505158805,416.6409763099136,417.3538818359375,92074500
2023-06-26 00:00:00-04:00,416.7854848977608,418.70263864501453,415.4078319979814,415.648681640625,72823600
2023-06-27 00:00:00-04:00,416.52540707007813,420.8221567639146,416.0726085341393,420.2055969238281,72813700
2023-06-28 00:00:00-04:00,419.126500621765,421.4290371213432,418.5099408774898,420.41748046875,75636000
2023-06-29 00:00:00-04:00,420.00325329466176,422.2383451446893,419.5986423394109,422.0745544433594,67882300
2023-06-30 00:00:00-04:00,425.28267848094407,428.0379843526411,424.96474047999936,427.0553283691406,104964000
2023-07-03 00:00:00-04:00,426.70850932168867,427.82602579498047,426.4291155030701,427.5466613769531,32793400
2023-07-05 00:00:00-04:00,425.7354497315169,427.6429894132442,425.7258063379871,426.9107971191406,58418400
2023-07-06 00:00:00-04:00,423.3366343156822,423.991738320798,421.06299828536083,423.5678405761719,80658300
2023-07-07 00:00:00-04:00,422.57550143257924,426.43873894163033,422.25756345371417,422.4984130859375,86134200
2023-07-10 00:00:00-04:00,422.1420000351028,423.7412452715391,421.57359837767063,423.5678405761719,62443500
2023-07-11 00:00:00-04:00,424.32893908451956,426.7566930521444,423.3558970583311,426.2653503417969,64463800
2023-07-12 00:00:00-04:00,430.0515811101132,431.10168221706397,428.6257403792626,429.6950988769531,91924500
2023-07-13 00:00:00-04:00,431.50622355890425,433.89546265173254,431.07271183277675,433.10546875,72425200
2023-07-14 00:00:00-04:00,433.9918445617416,434.83961069702235,432.07466121110787,432.83575439453125,69815800
2023-07-17 00:00:00-04:00,432.6912196663996,435.3887239970372,432.6430320958501,434.338623046875,52680200
2023-07-18 00:00:00-04:00,434.0110663595222,438.2114701147798,433.5775252322227,437.5660095214844,80668200
2023-07-19 00:00:00-04:00,438.35601441060516,439.724023983291,437.48893213427476,438.5390625,65891700
2023-07-20 00:00:00-04:00,437.54673021651973,438.44268380742795,434.9166416038705,435.6295471191406,70591600
2023-07-21 00:00:00-04:00,437.34439535359957,437.54673021651973,435.6199331260899,435.6295471191406,71275600
2023-07-24 00:00:00-04:00,436.7760157789645,438.38490436691495,435.74517222742827,437.5756530761719,54023400
2023-07-25 00:00:00-04:00,437.30587795856155,440.02263949533193,437.2576903912355,438.7702331542969,55191200
2023-07-26 00:00:00-04:00,437.8357342912967,440.26348802035136,436.7856334140258,438.8376770019531,71052900
2023-07-27 00:00:00-04:00,442.2192143317386,442.6238546795818,435.02262562113657,435.92822265625,92194400
2023-07-28 00:00:00-04:00,439.1941631701477,441.0246146496096,435.92822776892785,440.19610595703125,80011800
2023-07-31 00:00:00-04:00,440.66814456102355,441.39069349037516,439.35790721415856,441.03424072265625,62040400
2023-08-01 00:00:00-04:00,439.569820909262,440.5139620189602,438.81837125887813,439.77215576171875,55291500
2023-08-02 00:00:00-04:00,436.6604623365917,436.92056940230765,432.903213273274,433.6546630859375,93933400
2023-08-03 00:00:00-04:00,431.64112757810364,434.2904737931767,430.9956375639887,432.4118347167969,64276100
2023-08-04 00:00:00-04:00,434.2230384704291,436.3232404604835,429.9359027397443,430.4561462402344,100128900
2023-08-07 00:00:00-04:00,432.28658168791264,434.36752621178806,431.59293351328745,434.21337890625,58357500
2023-08-08 00:00:00-04:00,431.67964426037906,434.2037733620173,428.9724964679823,432.32513427734375,71361300
2023-08-09 00:00:00-04:00,432.59488283321724,432.7586735355105,428.6738433785323,429.4349365234375,78789600
2023-08-10 00:00:00-04:00,431.7855978075418,435.1671361209915,428.4233462814403,429.58905029296875,93005500
2023-08-11 00:00:00-04:00,427.72008989099777,430.3501787286785,427.1227874459535,429.3385925292969,68690900
2023-08-14 00:00:00-04:00,428.4233935882657,431.70855712890625,428.11509896255956,431.70855712890625,47867400
2023-08-15 00:00:00-04:00,429.9358583347008,430.29234049304716,426.1111649328765,426.6795959472656,75707500
2023-08-16 00:00:00-04:00,426.26534575201464,427.9223925566891,423.44259484772283,423.548583984375,80107200
2023-08-17 00:00:00-04:00,425.01294414487614,425.27305119137833,419.8009540161682,420.3211975097656,95711300
2023-08-18 00:00:00-04:00,417.5080561439708,421.5543421169173,417.1612467523088,420.52349853515625,98852000
2023-08-21 00:00:00-04:00,421.5350602162778,424.00135836533855,419.3867000805202,423.2595520019531,68719000
2023-08-22 00:00:00-04:00,425.0321947779214,425.0321947779214,421.55433988295033,422.11309814453125,64994200
2023-08-23 00:00:00-04:00,423.17280782729074,427.431042301619,423.0283039267051,426.814453125,68441000
2023-08-24 00:00:00-04:00,428.41369725884107,428.92429730681755,420.87027025881116,420.8992004394531,88517300
2023-08-25 00:00:00-04:00,422.62366273446645,425.14776219480035,419.07836317797603,423.866455078125,102325100
2023-08-28 00:00:00-04:00,426.05339622552776,427.1709421526019,423.8664919427265,426.55438232421875,61595400
2023-08-29 00:00:00-04:00,426.44835885508,432.9994865828607,426.26531078000176,432.7200927734375,83081900
2023-08-30 00:00:00-04:00,433.05731299234867,435.1382574911251,432.35402143192493,434.5024108886719,69053900
2023-08-31 00:00:00-04:00,435.1189529964718,436.2557562391773,433.6834985527266,433.8665466308594,66084600
2023-09-01 00:00:00-04:00,436.5833209067049,437.06502016743536,433.2210400744053,434.67578125,58944100
2023-09-05 00:00:00-04:00,434.23269470933957,434.5506033353466,432.72979513066315,432.7972106933594,55166200
2023-09-06 00:00:00-04:00,431.9879277285903,432.093916863234,427.56593166865076,429.8877258300781,70758500
2023-09-07 00:00:00-04:00,426.89156794336543,429.24226303585164,426.5447585365695,428.5679016113281,70355400
2023-09-08 00:00:00-04:00,428.6160154651993,430.74511806057524,428.2595627004295,429.21331787109375,61659700
2023-09-11 00:00:00-04:00,431.83376742594476,432.34436749416994,430.12856253408137,432.0361022949219,60180100
2023-09-12 00:00:00-04:00,430.59102153155527,432.11317840274216,429.0881220484013,429.6661376953125,67565400
2023-09-13 00:00:00-04:00,429.8877509320253,431.3232055262028,428.7894623481302,430.1671447753906,60199300
2023-09-14 00:00:00-04:00,432.6334271290332,434.5698383708397,431.332833106535,433.8761901855469,83430800
2023-09-15 00:00:00-04:00,432.2935551441486,432.6222625307114,428.2136712808251,428.6487121582031,111848900
2023-09-18 00:00:00-04:00,428.3393572391215,430.1956202798295,427.8656361967372,428.9001159667969,55752200
2023-09-19 00:00:00-04:00,427.981617392204,428.57137880593234,425.3326034960519,428.0106201171875,66514600
2023-09-20 00:00:00-04:00,429.2674693964477,429.68318495179983,423.8727265693422,424.0757751464844,82562600
2023-09-21 00:00:00-04:00,421.23345141612367,421.4944759763419,416.9118677822532,417.0665588378906,104095800
2023-09-22 00:00:00-04:00,418.09131961695476,419.6865285568745,415.71297806578804,416.12872314453125,100829700
2023-09-25 00:00:00-04:00,414.920205158679,417.9172517040119,414.485134786977,417.87860107421875,70874500
2023-09-26 00:00:00-04:00,414.84285049792544,415.54862280920696,410.90798029741677,411.73944091796875,96168400
2023-09-27 00:00:00-04:00,412.9092244496163,413.4699830924983,408.2686118060124,411.90374755859375,104705800
2023-09-28 00:00:00-04:00,411.3527373620953,415.964347748709,410.76297593705533,414.2917785644531,92258300
2023-09-29 00:00:00-04:00,417.3371969608053,417.5112133076614,411.7684378270295,413.28631591796875,115111300
2023-10-02 00:00:00-04:00,412.4548865420046,414.36915501527096,410.3666017087048,413.1219787597656,83798600
2023-10-03 00:00:00-04:00,410.9466132055397,413.17991127797546,406.22864047101564,407.5918273925781,103760600
2023-10-04 00:00:00-04:00,408.0559666596498,411.3043900178651,406.59609392791054,410.5599670410156,87453000
2023-10-05 00:00:00-04:00,410.2699382204488,411.2464125781848,407.1858831038249,410.4053039550781,70142700
2023-10-06 00:00:00-04:00,407.95932437186144,416.81518828263125,406.6348172249464,415.2779846191406,113273300
2023-10-09 00:00:00-04:00,413.3829806224,418.5070215863633,412.8319288458573,417.9366149902344,80374400
2023-10-10 00:00:00-04:00,418.565087921437,422.7029778259452,418.1686976181359,420.1119689941406,78607300
2023-10-11 00:00:00-04:00,421.17537943505704,422.08414129890025,418.79703802262225,421.8327941894531,62451700
2023-10-12 00:00:00-04:00,422.44187816631086,422.8189135801861,416.91179922986146,419.2611083984375,81154200
2023-10-13 00:00:00-04:00,420.7596289275812,421.9584770278049,415.60661494268294,417.1728210449219,95143100
2023-10-16 00:00:00-04:00,419.4158131019472,422.6255856986061,419.1741138914331,421.5621032714844,75433200
2023-10-17 00:00:00-04:00,418.43931518310666,423.59235858221746,418.09128250171426,421.542724609375,75324700
2023-10-18 00:00:00-04:00,419.77342881458173,420.73054803160613,414.8427601280383,415.9255676269531,93559800
2023-10-19 00:00:00-04:00,416.64115074369084,418.449056290601,411.5944695651963,412.2712097167969,121323000
2023-10-20 00:00:00-04:00,411.8361348739324,412.3775387523352,407.09880668145956,407.2051696777344,123919900
2023-10-23 00:00:00-04:00,405.6776368923659,410.3569598965053,403.92773684712256,406.4994201660156,92035100
2023-10-24 00:00:00-04:00,408.61670687631084,410.71466914656554,406.7701212432729,409.5641784667969,78564200
2023-10-25 00:00:00-04:00,407.8818980106432,407.9109007331841,403.17357302000806,403.68597412109375,94223200
2023-10-26 00:00:00-04:00,402.6225515026816,403.47330792914914,397.9335809780985,398.8520202636719,115156800
2023-10-27 00:00:00-04:00,400.4375332899705,400.83392348318415,395.62287503320994,397.0440673828125,107367700
2023-10-30 00:00:00-04:00,399.82851071417565,402.84491222424634,398.53300645045545,401.7911071777344,86562700
2023-10-31 00:00:00-04:00,402.361504611754,404.63348310254605,400.45691364342605,404.314453125,79665200
2023-11-01 00:00:00-04:00,405.2812643437381,409.43847913059346,404.7495083565733,408.6263732910156,98068100
2023-11-02 00:00:00-04:00,412.416134207257,416.61205795996426,412.3968088942919,416.4573669433594,94938900
2023-11-03 00:00:00-04:00,418.75834334836264,421.80374710012615,418.6326550547102,420.2568664550781,100167800
2023-11-06 00:00:00-05:00,421.01096687249964,421.6683815579989,419.2803924905788,421.2236633300781,67831700
2023-11-07 00:00:00-05:00,421.223666855701,423.0605747296388,420.08285380291056,422.4224853515625,64256100
2023-11-08 00:00:00-05:00,423.02196085453033,423.5440394282341,420.43095231056213,422.73193359375,61746000
2023-11-09 00:00:00-05:00,423.8727133946502,423.9113935278032,419.0097266771128,419.43511962890625,83174400
2023-11-10 00:00:00-05:00,421.5040416459852,426.2896676737884,419.42540510915256,425.98028564453125,89462200
2023-11-13 00:00:00-05:00,424.64619358239656,426.6764433760795,423.86309048956497,425.5743103027344,52236100
2023-11-14 00:00:00-05:00,431.50073527138204,435.11654569788686,431.27836139592864,433.8307189941406,97176900
2023-11-15 00:00:00-05:00,435.164952660045,436.3928036457593,433.89845104016877,434.7492370605469,77327600
2023-11-16 00:00:00-05:00,434.30447059030485,435.59997479434537,433.24098818272,435.28094482421875,66665800
2023-11-17 00:00:00-05:00,435.29057073108856,436.43141334936854,434.3721314970017,435.82232666015625,83133200
2023-11-20 00:00:00-05:00,435.57099160312566,440.0182630951851,435.5613141930735,439.1771545410156,69936200
2023-11-21 00:00:00-05:00,438.13299304399567,439.0514618608499,436.9534996970191,438.2200012207031,49244600
2023-11-22 00:00:00-05:00,439.8732756356209,441.2267854299995,438.8194705277012,439.91192626953125,59394900
2023-11-24 00:00:00-05:00,439.9602117787139,440.3759273074353,439.631504418495,440.18255615234375,29737400
2023-11-27 00:00:00-05:00,439.55417048077294,440.36627627306393,439.00308920962266,439.38983154296875,50506000
2023-11-28 00:00:00-05:00,439.0030764411284,441.1203637861366,438.44234728096177,439.8248596191406,62115000
2023-11-29 00:00:00-05:00,441.97117519611106,443.10234049536746,439.1191421839662,439.5155029296875,63146000
2023-11-30 00:00:00-05:00,440.35662667945024,441.59412543023933,438.28766732031204,441.2460632324219,79752700
2023-12-01 00:00:00-05:00,440.6370255353667,444.38820233909854,440.0472935709732,443.8564758300781,89183400
2023-12-04 00:00:00-05:00,440.47265370720123,443.8757680204174,439.25448022667734,441.5264587402344,72430900
2023-12-05 00:00:00-05:00,440.14394887033336,442.3965725770802,439.76688393206007,441.439453125,69793500
2023-12-06 00:00:00-05:00,443.57606849081975,443.60507121667763,439.225482586349,439.6605529785156,69124700
2023-12-07 00:00:00-05:00,441.73917136361564,443.6630877368815,441.13976201140014,443.0153503417969,66995400
2023-12-08 00:00:00-05:00,442.27087844484373,445.451648340426,442.02917923250493,444.919921875,83194400
2023-12-11 00:00:00-05:00,444.42689151598506,446.8245585692723,444.214195007191,446.6505126953125,65002200
2023-12-12 00:00:00-05:00,446.3024402574832,448.7871152745883,445.30664066950123,448.6904296875,68327600
2023-12-13 00:00:00-05:00,449.0674408996175,455.12927578193285,448.709730800554,454.8778991699219,93278000
2023-12-14 00:00:00-05:00,456.8114895469167,458.0006602364905,453.6693999362765,456.3377685546875,119026000
2023-12-15 00:00:00-05:00,455.7417439978948,456.91633245678577,453.74207009746453,455.58642578125,141553700
2023-12-18 00:00:00-05:00,457.1881698520897,459.1296032853033,456.13009218585904,458.149169921875,70375300
2023-12-19 00:00:00-05:00,458.69273602664884,461.0127630324847,458.61509172941334,460.9350891113281,55761800
2023-12-20 00:00:00-05:00,460.0808267995912,461.96401935450547,454.12064234016117,454.5477600097656,102921000
2023-12-21 00:00:00-05:00,457.5278509164755,459.1295570366737,455.1107760152546,458.8577575683594,86667500
2023-12-22 00:00:00-05:00,459.98374941589714,461.45925759296136,457.8870276491879,459.7799072265625,67160400
2023-12-26 00:00:00-05:00,460.1876248035588,462.62410332069675,460.1099508863103,461.7213439941406,55387000
2023-12-27 00:00:00-05:00,461.5175089754055,462.7017844285322,460.98362668768385,462.5561828613281,68000300
2023-12-28 00:00:00-05:00,462.9153345190397,463.5656980482324,462.31349497002446,462.73089599609375,77158100
2023-12-29 00:00:00-05:00,462.5367960308314,463.0609913493408,459.4402073535901,461.391357421875,122283100
2024-01-02 00:00:00-05:00,458.3335624378489,459.7993540123723,456.7124526493962,458.8092041015625,123623700
2024-01-03 00:00:00-05:00,456.6542157231931,457.3919698393569,454.4604162904711,455.062255859375,103585900
2024-01-04 00:00:00-05:00,454.5865557790852,457.1686653982138,453.3731600721968,453.596435546875,84232200
2024-01-05 00:00:00-05:00,453.8003122508208,456.66393818647634,452.7713549830218,454.2177429199219,86118900
2024-01-08 00:00:00-05:00,454.71281340697016,460.8477500166702,454.5866154970485,460.7021484375,74879100
2024-01-09 00:00:00-05:00,458.05208481523704,461.02247554943773,457.54732279548995,460.00323486328125,65931400
2024-01-10 00:00:00-05:00,460.275022232607,463.4686883884697,459.99350610212235,462.604736328125,67310600
2024-01-11 00:00:00-05:00,463.60455806414546,464.119036700077,458.4306513904914,462.40087890625,77940700
2024-01-12 00:00:00-05:00,463.8472262405501,464.58498035155515,461.3136700813151,462.72119140625,58026400
2024-01-16 00:00:00-05:00,461.34278348918724,462.6532272077025,459.2071951071508,461.0224304199219,85014900
2024-01-17 00:00:00-05:00,458.0035703058881,458.94516670999695,456.1106608508071,458.4598083496094,68843900
2024-01-18 00:00:00-05:00,460.12935459709723,463.09002818161,458.58591886010277,462.5367126464844,91856200
2024-01-19 00:00:00-05:00,463.66277131466796,468.5843115147551,462.5852901238366,468.30279541015625,110834500
2024-01-22 00:00:00-05:00,469.8366288012055,471.01118778689147,468.6426365209948,469.29302978515625,75844900
2024-01-23 00:00:00-05:00,469.8365052457373,470.90426970251536,468.7493074995451,470.6615905761719,49945300
2024-01-24 00:00:00-05:00,473.5252343876121,474.45711397403113,470.68104202686277,471.1761169433594,81765000
2024-01-25 00:00:00-05:00,473.30199623812143,474.0106300348732,471.1761540957068,473.73883056640625,72525000
2024-01-26 00:00:00-05:00,473.3117152908374,474.79691054106985,472.29247468488353,473.1369934082031,76641600
2024-01-29 00:00:00-05:00,473.4476261562877,477.0295728420406,472.9040272208165,476.8839416503906,61322800
2024-01-30 00:00:00-05:00,476.19475312019154,477.2237103899132,475.7579187820987,476.5151062011719,58618400
2024-01-31 00:00:00-05:00,474.31155855924624,474.75807991768903,468.7202212489611,468.7396545410156,126011100
2024-02-01 00:00:00-05:00,470.43842101293257,474.90372358641025,469.6327095934461,474.8746032714844,91891600
2024-02-02 00:00:00-05:00,475.31139921660196,481.5239798187347,474.971642466127,479.873779296875,99228200
2024-02-05 00:00:00-05:00,479.24284325758833,479.9029234991888,475.8744551474019,478.1264953613281,75757100
2024-02-06 00:00:00-05:00,479.06809742412736,479.8446885622171,477.64114268330553,479.5146484375,55918600
2024-02-07 00:00:00-05:00,481.756982255993,483.93137810723994,480.854193242822,483.51397705078125,70556500
2024-02-08 00:00:00-05:00,483.51398020972,484.10610316011065,482.69858176017516,483.7275390625,52343600
2024-02-09 00:00:00-05:00,484.2322563033971,486.95996752942966,483.89249957484776,486.5231628417969,63979400
2024-02-12 00:00:00-05:00,486.49406987855394,488.75582660767503,485.59128089218916,486.30963134765625,56502300
2024-02-13 00:00:00-05:00,480.04849815534635,482.53353038052535,476.3500701317823,479.6116638183594,113099200
2024-02-14 00:00:00-05:00,482.24237077339893,484.45560372449836,479.92234357796184,483.9702453613281,68387800
2024-02-15 00:00:00-05:00,484.66912826614583,487.49391729462275,484.1934569596569,487.3094787597656,61683000
2024-02-16 00:00:00-05:00,487.00856229426716,488.1442842020213,484.144936285217,484.8826904296875,75532900
2024-02-20 00:00:00-05:00,483.14507545774694,483.8148722929186,479.970842787005,482.21319580078125,71736700
2024-02-21 00:00:00-05:00,480.9124933217148,482.8053731626366,479.106944807319,482.6500549316406,59293400
2024-02-22 00:00:00-05:00,489.25094105413393,493.5997329784438,488.2899113619232,492.63873291015625,76402500
2024-02-23 00:00:00-05:00,494.35685563775104,495.1916873577398,492.25041710535265,492.97845458984375,61321800
2024-02-26 00:00:00-05:00,493.4152963659735,493.85213073904663,491.04674520195,491.1729431152344,50386700
2024-02-27 00:00:00-05:00,491.86214231163,492.30866367947897,489.9692329795254,492.08538818359375,48854500
2024-02-28 00:00:00-05:00,490.5322390639573,492.01743437576624,490.17307863790023,491.4350280761719,56506600
2024-02-29 00:00:00-05:00,493.1920036518268,494.8130838290683,490.5516532421677,493.2016906738281,83924800
2024-03-01 00:00:00-05:00,494.075392019808,498.2591489639279,493.6676779750869,497.83203125,76844800
2024-03-04 00:00:00-05:00,497.0360120116513,499.1424502869192,497.0068620768657,497.2980651855469,49799300
2024-03-05 00:00:00-05:00,495.29842384541166,495.7449748064334,490.1245174506037,492.3280334472656,72855600
2024-03-06 00:00:00-05:00,495.5993458504527,497.0748540345267,493.53174438668293,494.8227844238281,68382400
2024-03-07 00:00:00-05:00,498.11356939849594,500.78304025779806,494.8810662776538,499.7346496582031,58652100
2024-03-08 00:00:00-05:00,500.36560770630734,503.04473579557066,496.1623881738849,496.735107421875,86532500
2024-03-11 00:00:00-04:00,495.5314219659159,496.89041928478855,493.6093924281333,496.3079833984375,62557200
2024-03-12 00:00:00-04:00,498.41449998303995,502.2294094929587,495.9003176684613,501.6470031738281,73114400
2024-03-13 00:00:00-04:00,501.9672573875113,502.14197926945354,499.4239845817287,500.8606262207031,55104100
2024-03-14 00:00:00-04:00,501.831351753217,501.9866995940405,496.8321966177629,499.87054443359375,110171800
2024-03-15 00:00:00-04:00,496.80813351794416,498.2590153922283,494.7730358188075,496.4381103515625,107646300
2024-03-18 00:00:00-04:00,500.4985887866016,501.93969410963876,498.97956820958467,499.3885192871094,88893300
2024-03-19 00:00:00-04:00,498.69724067048253,502.4460879024091,497.6942674328087,502.1637268066406,60755300
2024-03-20 00:00:00-04:00,502.2221673565908,506.9447474953313,501.55028937128384,506.80841064453125,69594600
2024-03-21 00:00:00-04:00,509.6419901809582,510.34304922248214,508.20082532016534,508.4832458496094,60256100
2024-03-22 00:00:00-04:00,508.3955498176283,508.88241615238655,507.2854803107173,507.51922607421875,79070800
2024-03-25 00:00:00-04:00,506.1462159868013,507.2660322991133,505.96120440733904,506.1170349121094,48512100
2024-03-26 00:00:00-04:00,507.5386367689601,507.87947884663447,504.7830162330491,505.1822204589844,65463700
2024-03-27 00:00:00-04:00,508.00609219695343,509.4666912006187,505.8443747669276,509.4277038574219,82999800
2024-03-28 00:00:00-04:00,509.46678119735884,510.82997151576376,509.04808320751,509.3304443359375,96294900
2024-04-01 00:00:00-04:00,510.07042079723595,510.60596189996124,507.28550008559404,508.4442443847656,62477500
2024-04-02 00:00:00-04:00,504.62727251731803,505.34782527414643,502.9134932946272,505.2115478515625,74230300
2024-04-03 00:00:00-04:00,504.12080800253995,507.2660046821648,504.0721332594207,505.76641845703125,59155800
2024-04-04 00:00:00-04:00,509.76853565111946,510.1093183056524,499.2911628340767,499.593017578125,96858100
2024-04-05 00:00:00-04:00,500.9465048519071,506.7694068986325,500.5083132867227,504.81219482421875,74546500
2024-04-08 00:00:00-04:00,505.5133924018632,506.51630625250846,504.2864795999242,505.0946350097656,48401800
2024-04-09 00:00:00-04:00,506.82786095826793,507.071294128757,500.839381191466,505.6788635253906,68049200
2024-04-10 00:00:00-04:00,499.9922143304957,502.60181066009386,498.6387711363,500.61541748046875,82652800
2024-04-11 00:00:00-04:00,502.1344876196163,505.8346601112469,498.6290735605831,504.3935546875,70099000
2024-04-12 00:00:00-04:00,500.85886371567153,502.2707879594682,495.70780962230026,497.43133544921875,92561100
2024-04-15 00:00:00-04:00,501.5989207934361,501.7644387082916,490.3522904966187,491.199462890625,92101400
2024-04-16 00:00:00-04:00,491.6766166443132,493.19563735543574,489.0183155418661,490.30364990234375,73484000
2024-04-17 00:00:00-04:00,492.7574157801548,492.9229634124424,486.00945537176443,487.4018859863281,75910300
2024-04-18 00:00:00-04:00,488.794360179131,490.8878795783521,485.46418121059236,486.3989562988281,74548100
2024-04-19 00:00:00-04:00,486.32104754330464,487.3142441699,480.8876025986124,482.1534729003906,102212600
2024-04-22 00:00:00-04:00,484.75331996273405,489.18382142190774,482.4163675078979,486.59368896484375,67961000
2024-04-23 00:00:00-04:00,488.5995792337359,492.7963646750655,486.4086807205422,492.367919921875,64633600
2024-04-24 00:00:00-04:00,493.2539723124738,494.04269332334195,489.9140767019127,492.1341857910156,55928100
2024-04-25 00:00:00-04:00,486.06792355461204,491.0242198548646,484.42231277383286,490.26470947265625,69122400
2024-04-26 00:00:00-04:00,493.0495298783495,496.4868049205615,492.4166096033967,494.90936279296875,64306100
2024-04-29 00:00:00-04:00,496.69128964862307,497.33395677101214,493.9258924563797,496.6620788574219,46415400
2024-04-30 00:00:00-04:00,495.20149000874,496.1752226900087,488.7943420410156,488.7943420410156,77483600
2024-05-01 00:00:00-04:00,488.2100662136069,494.84118298455326,486.73972044696376,487.2071228027344,80242800
2024-05-02 00:00:00-04:00,490.9073316662554,492.6016467604268,486.4281553313073,491.76422119140625,62550200
2024-05-03 00:00:00-04:00,497.73318173027803,499.08665465274976,495.20147091341136,497.8597717285156,72756700
2024-05-06 00:00:00-04:00,500.2551653379584,503.0400265445959,499.8169737447077,503.0010986328125,47264700
2024-05-07 00:00:00-04:00,503.96507290224616,504.9485523975052,502.8842439138016,503.5561218261719,52561300
2024-05-08 00:00:00-04:00,501.7254700555243,504.14030789046143,501.60862689782874,503.6047668457031,42047200
2024-05-09 00:00:00-04:00,503.7898682306733,506.54554862676025,503.1374839119154,506.5065612792969,43643700
2024-05-10 00:00:00-04:00,508.10351940578255,508.9117342857,505.94186107705553,507.1590270996094,52233200
2024-05-13 00:00:00-04:00,508.8337028193061,508.9407991411694,506.08776976766853,507.2270202636719,36716400
2024-05-14 00:00:00-04:00,507.42175308205213,510.07033651333364,506.8862120678195,509.5542297363281,57535900
2024-05-15 00:00:00-04:00,512.0178797101214,516.1562436643347,511.38492968552964,515.8641357421875,59504900
2024-05-16 00:00:00-04:00,515.9613562995729,517.5582917841381,514.6565286641568,514.8026123046875,50244800
2024-05-17 00:00:00-04:00,514.9195824580145,515.6109540647997,513.4687302561026,515.5427856445312,59187600
2024-05-20 00:00:00-04:00,515.6596602461204,517.5973789121299,515.2701433728218,516.1367797851562,37764200
2024-05-21 00:00:00-04:00,515.3773882789088,517.5585405099803,515.172882970268,517.4027099609375,33437000
2024-05-22 00:00:00-04:00,516.7112486575287,517.4220544657823,513.741316563043,515.9127807617188,48390000
2024-05-23 00:00:00-04:00,518.9605990872589,519.0676954201629,510.93699174891134,512.1444702148438,57211200
2024-05-24 00:00:00-04:00,513.9847589456947,516.3412347653415,513.0402667962413,515.5330200195312,41291100
2024-05-28 00:00:00-04:00,516.3411878885217,516.5748741957514,513.2641596915468,515.8932495117188,36269600
2024-05-29 00:00:00-04:00,511.871810616093,513.4589997088932,511.56995584928654,512.28076171875,45190300
2024-05-30 00:00:00-04:00,510.7422784507473,511.4044095336918,507.6360688600374,508.8824157714844,46377600
2024-05-31 00:00:00-04:00,509.8367164200918,513.6439850215788,504.7440541264526,513.5173950195312,90785800
2024-06-03 00:00:00-04:00,515.1240809646227,515.4064420460951,508.87267437322015,513.9360961914062,46835700
2024-06-04 00:00:00-04:00,512.631323194632,515.2506664560023,511.17072418863216,514.5106201171875,34632700
2024-06-05 00:00:00-04:00,516.8281493311971,520.6451650598835,514.84169649016,520.6256713867188,47610400
2024-06-06 00:00:00-04:00,520.927446289771,521.3558910101924,518.6878732006264,520.6158447265625,30808500
2024-06-07 00:00:00-04:00,519.6422511020912,522.7874486486729,518.5516750551577,519.9830932617188,43224500
2024-06-10 00:00:00-04:00,519.1747616812378,521.9109480214009,518.5807990347079,521.589599609375,35686100
2024-06-11 00:00:00-04:00,520.0414700499772,522.9042467845098,518.0745108271142,522.8458251953125,36383400
2024-06-12 00:00:00-04:00,527.4028194115604,529.8274041983666,526.1077383475028,527.139892578125,63251300
2024-06-13 00:00:00-04:00,528.8829186945259,529.0581834417079,525.4164327979901,528.2012939453125,44760900
2024-06-14 00:00:00-04:00,526.6725282080745,528.5518251182958,525.6695550365463,528.5226440429688,40089900
2024-06-17 00:00:00-04:00,527.8410283318889,534.1216160104203,527.3833430672393,532.7291259765625,55839500
2024-06-18 00:00:00-04:00,532.7874995764366,534.2091705580833,532.3688016931667,534.0825805664062,41376400
2024-06-20 00:00:00-04:00,535.0076237066871,535.6697547200665,530.8595134643548,532.6317138671875,70328200
2024-06-21 00:00:00-04:00,531.8101607226251,533.031253064821,530.4620700069489,531.9176025390625,64338600
2024-06-24 00:00:00-04:00,531.7419157804823,534.3013212499749,530.0714395414016,530.1886596679688,45528700
2024-06-25 00:00:00-04:00,531.4097461795637,532.5917853363576,529.8956032092343,532.2303466796875,37936200
2024-06-26 00:00:00-04:00,531.1166134619692,533.6076301716555,530.4719028733521,532.89453125,38550600
2024-06-27 00:00:00-04:00,532.7578061070262,534.3110621107577,532.0153722749866,533.7346801757812,35041500
2024-06-28 00:00:00-04:00,534.5063503169283,537.5542520433446,530.3937489459842,531.6343383789062,76144500
2024-07-01 00:00:00-04:00,533.0117876323043,533.2560061424955,529.9737236752046,532.728515625,40297800
2024-07-02 00:00:00-04:00,531.1263396875488,536.3135375976562,531.0775079183517,536.3135375976562,40434800
2024-07-03 00:00:00-04:00,536.0010100914286,539.068408833479,535.9619565950238,538.7069702148438,32789900
2024-07-05 00:00:00-04:00,539.0098526062544,542.213968717536,538.3748605783948,541.8134765625,41488400
2024-07-08 00:00:00-04:00,542.5948722312855,543.3861377502993,541.3737797869028,542.4385986328125,36110500
2024-07-09 00:00:00-04:00,543.3959524424528,544.2946598471173,542.6730752067231,542.9661254882812,27289700
2024-07-10 00:00:00-04:00,544.1873348127845,548.6809324242213,543.8942844683293,548.3390502929688,38701200
2024-07-11 00:00:00-04:00,548.4562180647349,549.3256503566656,542.9759684638211,543.6109008789062,53054200
2024-07-12 00:00:00-04:00,544.7342036963953,550.6345006536228,544.2653232987394,547.0396118164062,53084400
2024-07-15 00:00:00-04:00,549.0326265453853,551.777640618941,546.6881046530688,548.544189453125,40584300
2024-07-16 00:00:00-04:00,549.8530882979716,552.090108393895,549.1008762046278,551.7970581054688,36475300
2024-07-17 00:00:00-04:00,545.8772131422685,547.5476892504238,543.7378565645935,544.0602416992188,57119000
2024-07-18 00:00:00-04:00,545.5938372966342,546.5804894498617,537.700679694463,539.8790893554688,56270400
2024-07-19 00:00:00-04:00,539.6446767543289,541.2663208584747,535.2389658144236,536.2940063476562,65509100
2024-07-22 00:00:00-04:00,540.211436930268,542.4289604616175,538.277245078338,541.8233032226562,43346700
2024-07-23 00:00:00-04:00,541.7157018138391,543.8648365993427,540.484890622907,540.9733276367188,34439600
2024-07-24 00:00:00-04:00,536.1671163330532,536.4699449259502,527.7952979520205,528.7135620117188,74515300
2024-07-25 00:00:00-04:00,528.8306910081631,534.7994361794972,525.0209183627663,525.9586791992188,61158300
2024-07-26 00:00:00-04:00,529.7392217162956,534.5356464631268,528.9674531548811,531.8492431640625,53763800
2024-07-29 00:00:00-04:00,533.3927359573876,534.3988851266782,530.169004207153,532.161865234375,39515800
2024-07-30 00:00:00-04:00,533.6271909452782,534.6822315404584,526.0661958644091,529.4656982421875,46853600
2024-07-31 00:00:00-04:00,536.2842643515584,540.6997538692295,534.9166765387299,538.0719604492188,65663400
2024-08-01 00:00:00-04:00,539.7913062018092,542.0381046138815,526.9551667505608,530.452392578125,76428700
2024-08-02 00:00:00-04:00,523.3601775288013,524.5714915916972,516.3755054864699,520.5761108398438,82789100
2024-08-05 00:00:00-04:00,499.80782241877216,511.4717002411795,498.4694800108966,505.4150695800781,146267400
2024-08-06 00:00:00-04:00,507.21253555376086,517.4990483238507,505.89377938390135,510.0748291015625,84826300
2024-08-07 00:00:00-04:00,516.2486294067602,519.2965314666948,506.0696179320819,506.6654968261719,70698300
2024-08-08 00:00:00-04:00,511.79399346845105,519.0033278281719,509.7719169059722,518.378173828125,63276600
2024-08-09 00:00:00-04:00,517.5576710131196,522.1489912653111,516.3365783728381,520.6641235351562,45619600
2024-08-12 00:00:00-04:00,521.8558860240913,523.3406939742863,518.6712672136742,520.9376220703125,42542100
2024-08-13 00:00:00-04:00,524.1222955084382,529.7393216479126,523.878076980635,529.5048217773438,52333100
2024-08-14 00:00:00-04:00,530.2960824274743,532.3573320967027,527.6292352085552,531.17529296875,42446900
2024-08-15 00:00:00-04:00,536.7922766972661,540.5629961238054,536.1866195717042,540.2797241210938,60846800
2024-08-16 00:00:00-04:00,538.6678476452682,542.1846298407453,538.5115740387317,541.4910278320312,44430700
2024-08-19 00:00:00-04:00,541.9013070349608,546.66845703125,541.0514314058853,546.66845703125,39121800
2024-08-20 00:00:00-04:00,546.2191462607274,547.8700657821756,544.4412283435015,545.779541015625,33732300
2024-08-21 00:00:00-04:00,546.8248322343893,549.1106842316043,541.9013486274712,547.6551513671875,41514600
2024-08-22 00:00:00-04:00,549.5502804647684,550.1559376249218,542.1455582382872,543.3568725585938,56121500
2024-08-23 00:00:00-04:00,546.5903394303513,550.0680084955276,544.4020915801096,549.1301879882812,50639400
2024-08-26 00:00:00-04:00,550.1559102385648,550.8690092024209,546.1214157161334,547.8211669921875,35788600
2024-08-27 00:00:00-04:00,546.5512887213379,549.0618623501647,545.4083627021253,548.5734252929688,32693900
2024-08-28 00:00:00-04:00,548.2315309438809,548.661357929549,542.204174863817,545.3887939453125,41066000
2024-08-29 00:00:00-04:00,547.3522554939839,550.6443160255352,544.294635177053,545.4375610351562,38715200
2024-08-30 00:00:00-04:00,547.8016709409602,551.1523417216108,544.2556134288437,550.6443481445312,62700100
2024-09-03 00:00:00-04:00,547.5084877669302,547.8406511283397,536.801987949737,539.3125610351562,60600100
2024-09-04 00:00:00-04:00,537.4761456891545,541.6083040829072,536.7532683896355,538.2088012695312,47224900
2024-09-05 00:00:00-04:00,538.1501466111926,540.9928237930679,534.4477558926965,536.8997192382812,44264300
2024-09-06 00:00:00-04:00,537.2221175565589,538.8437022454943,526.9649400293706,527.8636474609375,68493800
2024-09-09 00:00:00-04:00,532.0544335310877,535.043665505135,530.1299607989381,533.773681640625,40445800
2024-09-10 00:00:00-04:00,535.678706144088,536.450474898389,530.8138918516801,536.0987548828125,36394600
2024-09-11 00:00:00-04:00,536.0108196239122,542.5167747623394,527.4729497044474,541.5985107421875,75248600
2024-09-12 00:00:00-04:00,542.1748597619055,546.4633510224045,539.9573366553728,546.1605224609375,51819600
2024-09-13 00:00:00-04:00,546.7662628583907,550.0094922558702,546.5122660345418,549.0130615234375,39310500
2024-09-16 00:00:00-04:00,548.7491334077678,550.0874458768798,546.9517188263792,549.82373046875,36656100
2024-09-17 00:00:00-04:00,552.0314851715059,553.477299266029,547.8211605278194,550.0484619140625,49321000
2024-09-18 00:00:00-04:00,550.7030274298603,555.5385664291312,547.8603498689396,548.4171752929688,59044900
2024-09-19 00:00:00-04:00,557.8049085738365,559.6316584337985,554.9426745171918,557.7755737304688,75315500
2024-09-20 00:00:00-04:00,556.4096807844697,557.8500616857909,553.793383536953,556.8114013671875,77503100
2024-09-23 00:00:00-04:00,557.8793836152081,558.8494456443765,556.6642942041962,558.2026977539062,44116900
2024-09-24 00:00:00-04:00,558.9964258828836,559.8587165873663,556.1743944512203,559.7999267578125,46805700
2024-09-25 00:00:00-04:00,559.6432009533316,560.378103761662,557.4580492681129,558.5653076171875,38428600
2024-09-26 00:00:00-04:00,562.8179934718497,563.1413674659622,558.428192996937,560.7798461914062,48336000
2024-09-27 00:00:00-04:00,561.8479471107624,562.6611965458859,558.9377006949258,559.966552734375,42100900
2024-09-30 00:00:00-04:00,558.937595094156,562.8179029799776,556.6447321030395,562.2103881835938,63557400
2024-10-01 00:00:00-04:00,561.857759819067,562.5044480240527,554.6066943100618,557.1739501953125,72668800
2024-10-02 00:00:00-04:00,556.2823034605133,558.4282222492225,553.8914170466389,557.4091186523438,38097800
2024-10-03 00:00:00-04:00,555.9392527365582,558.3301388916863,554.106899883147,556.3900146484375,40846500
2024-10-04 00:00:00-04:00,560.8287828388663,561.8184614824812,556.6643337627131,561.4461059570312,42939100
2024-10-07 00:00:00-04:00,559.7999074826037,560.446655391967,555.2239297880301,556.370361328125,49964700
2024-10-08 00:00:00-04:00,558.9376197622599,562.230029540932,558.0655806170524,561.6322631835938,37398700
2024-10-09 00:00:00-04:00,561.6224751598685,566.0809331902332,561.0247685875196,565.5223999023438,37912200
2024-10-10 00:00:00-04:00,564.1799758679994,565.9535388259317,562.9257131010544,564.53271484375,44138100
2024-10-11 00:00:00-04:00,564.4542980317323,568.6481717987969,564.3171018304082,567.9132690429688,42268000
2024-10-14 00:00:00-04:00,569.5202272995722,573.4887501402064,569.0401003876937,572.557861328125,36217200
2024-10-15 00:00:00-04:00,572.8224268603595,573.1261842726946,566.8941634738084,568.1092529296875,54203600
2024-10-16 00:00:00-04:00,568.1093193754714,571.097912292803,567.3058184280349,570.5785522460938,30725400
2024-10-17 00:00:00-04:00,574.1157772582931,574.3215715502484,570.4412636582532,570.62744140625,34393700
2024-10-18 00:00:00-04:00,572.3129579783322,573.6063941876963,570.852960533333,572.822509765625,37416800
2024-10-21 00:00:00-04:00,572.0973176864316,573.0771881011084,568.912738838732,571.8817749023438,36439000
2024-10-22 00:00:00-04:00,569.3536172092114,572.7341816541917,568.6971208640092,571.5779418945312,34183800
2024-10-23 00:00:00-04:00,569.5594810059998,570.0004346494243,562.8571411229607,566.3552856445312,49314600
2024-10-24 00:00:00-04:00,568.3052337104026,568.3836400907534,564.9639018539431,567.5801391601562,34979900
2024-10-25 00:00:00-04:00,569.8044050522926,572.6950344865168,566.443456997856,567.3840942382812,47268200
2024-10-28 00:00:00-04:00,570.8529569215461,570.9803448675634,568.8344261393737,569.13818359375,30174700
2024-10-29 00:00:00-04:00,568.1778707648036,571.1762720247682,566.7864714367279,570.0592651367188,42899700
2024-10-30 00:00:00-04:00,569.5888588084969,571.5780244818477,567.6291179550885,568.3346557617188,41435800
2024-10-31 00:00:00-04:00,563.974290971045,564.0428890862833,556.9976174444517,557.193603515625,60182500
2024-11-01 00:00:00-04:00,559.8195584319851,563.9643910438907,559.1336371976272,559.545166015625,45667500
2024-11-04 00:00:00-05:00,559.6822611574623,560.9756970155746,556.4585096866238,558.33984375,38217000
2024-11-05 00:00:00-05:00,559.251198693126,565.1304208425688,559.0356559214524,565.0912475585938,39478300
2024-11-06 00:00:00-05:00,577.3396500855225,580.0146771322202,573.6063462638446,579.142578125,68182000
2024-11-07 00:00:00-05:00,581.1415644099445,584.639708979933,581.063158030651,583.62060546875,47233200
2024-11-08 00:00:00-05:00,584.1693851078007,587.5695668763649,584.1693851078007,586.1487426757812,46444900
2024-11-11 00:00:00-05:00,587.7359440369437,588.0886829564369,584.9825111589258,586.7070922851562,37586800
2024-11-12 00:00:00-05:00,586.6287817012992,587.2264882691159,582.4055428293386,584.8846435546875,43006100
2024-11-13 00:00:00-05:00,585.3451927424278,587.1677373847895,582.9837313260188,585.1688232421875,47388600
2024-11-14 00:00:00-05:00,585.2962448517161,585.7763718199695,580.7202664359244,581.4061279296875,38904100
2024-11-15 00:00:00-05:00,577.8491019104924,578.3194803370213,572.1070761341368,573.9590454101562,75988800
2024-11-18 00:00:00-05:00,574.4195885423085,577.6237838402152,573.5573576252949,576.310791015625,37001700
2024-11-19 00:00:00-05:00,572.9399175544836,579.1424527664861,572.2736130052895,578.4173583984375,49412000
2024-11-20 00:00:00-05:00,578.4959457161364,578.897666302881,572.8616903884546,578.613525390625,50032600
2024-11-21 00:00:00-05:00,581.4550801704302,583.1404284379229,575.6248397212988,581.7196044921875,46750300
2024-11-22 00:00:00-05:00,581.7098478799927,584.1497754660484,581.2101642027249,583.5226440429688,38226400
2024-11-25 00:00:00-05:00,587.451946771504,588.7649396726674,583.2188992835091,585.5020141601562,42441400
2024-11-26 00:00:00-05:00,586.7463470552605,589.2254477201681,586.0310608458545,588.5591430664062,45621300
2024-11-27 00:00:00-05:00,588.3729502321648,588.7550542016285,585.256969810655,586.7757568359375,34000200
2024-11-29 00:00:00-05:00,587.5890586237147,591.2047827973582,587.3147260107087,590.4208984375,30177400
2024-12-02 00:00:00-05:00,590.8323780737772,592.1552388895445,590.3424429138348,591.4791259765625,31746000
2024-12-03 00:00:00-05:00,591.2440480710218,591.9985076527607,590.2151960547985,591.7535400390625,26906600
2024-12-04 00:00:00-05:00,593.438872844782,595.6729460981672,592.7725681970518,595.427978515625,42787600
2024-12-05 00:00:00-05:00,595.4280516027892,596.2315525489399,594.0954421437544,594.4481811523438,28762200
2024-12-06 00:00:00-05:00,595.212464951605,596.8096584526629,594.800936138575,595.5750122070312,31241500
2024-12-09 00:00:00-05:00,595.4574149257465,595.6239761392873,591.9200973185369,592.5079956054688,34742700
2024-12-10 00:00:00-05:00,593.1841677805376,593.605504896008,590.0093971009587,590.6658935546875,37234500
2024-12-11 00:00:00-05:00,593.5859415432025,596.1825623151827,593.3115491139272,595.2321166992188,28677700
2024-12-12 00:00:00-05:00,594.3698085144841,594.9380902901107,592.1651000976562,592.1651000976562,31543800
2024-12-13 00:00:00-05:00,594.1934650654297,594.9087513561514,590.6757038334936,592.0475463867188,35904700
2024-12-16 00:00:00-05:00,593.8014244521054,595.54562235978,593.0273484159295,594.5755004882812,43695200
2024-12-17 00:00:00-05:00,592.0277693260103,592.9880229689915,590.7539500471205,592.125732421875,55773500
2024-12-18 00:00:00-05:00,591.822113059209,594.2031909866316,574.0962907751041,574.4784545898438,108248700
2024-12-19 00:00:00-05:00,579.456129686489,581.0631314525076,574.057034359764,574.302001953125,85919500
2024-12-20 00:00:00-05:00,571.9778279294948,585.7225012446567,571.132257605004,581.199951171875,125716700
2024-12-23 00:00:00-05:00,580.9443919924163,585.2801382457641,577.7687172457148,584.680419921875,57635800
2024-12-24 00:00:00-05:00,586.0273454449668,591.2185033240278,585.4472496940897,591.1791381835938,33160100
2024-12-26 00:00:00-05:00,589.4093887705021,592.3392110668057,588.0133066034633,591.2184448242188,41219100
2024-12-27 00:00:00-05:00,587.4823184826345,587.7183292627742,580.8164691334702,584.9949340820312,64969300
2024-12-30 00:00:00-05:00,577.9948115421023,581.7799853973963,574.5733451400716,578.3192138671875,56578800
2024-12-31 00:00:00-05:00,579.9807007946825,580.698454354243,574.583117216775,576.2152099609375,57052700
2025-01-02 00:00:00-05:00,579.4696102256324,581.1803135593343,570.7292291618253,574.799560546875,50204000
2025-01-03 00:00:00-05:00,577.6408633877121,582.6254735449975,576.5593423217554,581.9864501953125,37888500
2025-01-06 00:00:00-05:00,586.2338281568046,589.6060884935793,583.6087253809885,585.339111328125,47679400
2025-01-07 00:00:00-05:00,587.3644406233403,587.6889029930588,576.9035745975999,578.722412109375,60393100
2025-01-08 00:00:00-05:00,578.7911287868388,580.6394897953063,575.3500401020275,579.5678100585938,47304700
2025-01-10 00:00:00-05:00,576.0185903209236,576.0874192959229,568.8119506064235,570.7192993164062,73105000
2025-01-13 00:00:00-05:00,566.0788468496604,571.9581742427216,565.6658729466735,571.604248046875,47910100
2025-01-14 00:00:00-05:00,574.5242054496483,575.1534475548353,568.6153544470202,572.3907470703125,48420600
2025-01-15 00:00:00-05:00,580.3938376431494,583.943061283102,579.2828525136379,582.8026123046875,56900200
2025-01-16 00:00:00-05:00,584.1691475266347,584.346110636513,580.9836915331506,581.6817626953125,43319700
2025-01-17 00:00:00-05:00,586.9122299431212,589.27179809953,585.5849165977943,587.5217895507812,58070600
2025-01-21 00:00:00-05:00,590.5597127423754,592.9094994878243,588.5933760531964,592.899658203125,42532900
2025-01-22 00:00:00-05:00,595.7213992287225,597.5894432517595,595.1708273073808,596.232666015625,48196000
2025-01-23 00:00:00-05:00,595.6033506126263,599.4868774414062,595.3280946897063,599.4868774414062,41152100
2025-01-24 00:00:00-05:00,599.5458113037603,600.4995156835615,596.5864653530726,597.7367553710938,34604700
2025-01-27 00:00:00-05:00,584.7983708814467,589.5962372876534,584.6312490621345,589.2816162109375,70361100
2025-01-28 00:00:00-05:00,590.5105293609671,595.1805787054238,587.1972570477369,594.3449096679688,44433300
2025-01-29 00:00:00-05:00,593.5583059073574,593.9614384934404,589.1340487911447,591.6804809570312,37177400
2025-01-30 00:00:00-05:00,593.7943615542468,596.3898803192325,590.6088457833347,594.8561401367188,39281300
2025-01-31 00:00:00-05:00,597.2747575383468,599.6933732210748,590.9333098394596,591.6903686523438,66566900
2025-02-03 00:00:00-05:00,582.6943625959686,590.1861005375324,580.5510628181718,587.7085571289062,65857200
2025-02-04 00:00:00-05:00,587.767535135661,592.1622687341741,587.2268045597665,591.6510620117188,33457800
2025-02-05 00:00:00-05:00,590.5301667443101,594.1973649569587,588.5048426365228,594.0498657226562,30653100
2025-02-06 00:00:00-05:00,595.7901006731433,596.2423796576439,592.4866698522919,596.1145629882812,35771500
2025-02-07 00:00:00-05:00,596.6750666805723,597.8941858585465,589.9501686239648,590.6580810546875,50788500
2025-02-10 00:00:00-05:00,593.8631663388722,595.3083949100401,592.5948408497425,594.6693115234375,26048700
2025-02-11 00:00:00-05:00,592.408088766588,595.6623736678141,592.2901133629294,595.1216430664062,30056700
2025-02-12 00:00:00-05:00,589.1144530437037,594.3743794070193,588.4360645213627,593.2044067382812,45076100
2025-02-13 00:00:00-05:00,594.3055902381474,599.6737110792319,593.047165943141,599.4672241210938,40921300
2025-02-14 00:00:00-05:00,599.6736338799176,600.7059485220444,598.8182823186273,599.4376831054688,26910400
2025-02-18 00:00:00-05:00,600.5978525430173,601.1975708007812,598.1399318067746,601.1975708007812,26749000
2025-02-19 00:00:00-05:00,599.8112758662747,602.9082197102092,599.3000091966954,602.61328125,31011100
2025-02-20 00:00:00-05:00,601.2467110134413,601.3843689751305,596.8028311734677,600.1062622070312,36554000
2025-02-21 00:00:00-05:00,599.8899309928074,600.0275889538111,589.3798596850504,589.8419799804688,76519800
2025-02-24 00:00:00-05:00,591.8869960824046,592.8800056614799,586.4500466079941,587.157958984375,50737200
2025-02-25 00:00:00-05:00,587.0990297013516,587.8265647106925,579.6367551973434,584.2379760742188,58266500
2025-02-26 00:00:00-05:00,585.899394022331,589.4879818072211,581.8978924126887,584.5327758789062,43321600
2025-02-27 00:00:00-05:00,586.8040113591791,587.9543615454245,574.8094053796542,575.20263671875,74196700
2025-02-28 00:00:00-05:00,575.7040488167072,584.7098443771037,572.6365684069419,584.178955078125,88744100
2025-03-03 00:00:00-05:00,586.1452445030724,587.2857532860544,570.1392964764723,573.9441528320312,74249200
2025-03-04 00:00:00-05:00,569.9525786591505,575.5369680083471,562.6181207422406,567.1505126953125,109648200
2025-03-05 00:00:00-05:00,566.9833166199888,575.035467216836,563.434093538414,573.24609375,71230500
2025-03-06 00:00:00-05:00,565.793586428619,570.4046474415857,560.523819558892,563.0702514648438,80094900
2025-03-07 00:00:00-05:00,561.2907933786839,567.6715458955733,556.1094773560538,566.2262573242188,81158800
2025-03-10 00:00:00-04:00,558.0365509948175,559.9536812738498,546.2385307775894,551.14453125,99326600
2025-03-11 00:00:00-04:00,549.9843938775969,554.5266268117218,542.728606721458,546.5629272460938,88102100
2025-03-12 00:00:00-04:00,552.7077001878538,553.631880779765,544.3704523001988,549.4632568359375,69588200
2025-03-13 00:00:00-04:00,549.0896792735167,549.6992388466521,540.4279685563406,542.138671875,74079400
2025-03-14 00:00:00-04:00,546.7496145526088,554.3397037227768,542.2073825911375,553.3368530273438,62660300
2025-03-17 00:00:00-04:00,553.3172833424321,560.1208513978755,552.8846868765244,557.6039428710938,49008700
2025-03-18 00:00:00-04:00,555.2934322950165,555.5097605205915,549.6500559715837,551.5770874023438,66041400
2025-03-19 00:00:00-04:00,553.3566169353411,561.3399385264869,552.1768030039566,557.584228515625,66556000
2025-03-20 00:00:00-04:00,553.848245552193,560.966374832501,553.1304918485869,555.9718627929688,62958200
2025-03-21 00:00:00-04:00,551.5204692681951,557.0526205906217,550.2878120115934,556.1552124023438,83763000
2025-03-24 00:00:00-04:00,562.880651498493,567.1703352751009,562.2890000340255,566.1151733398438,58766800
2025-03-25 00:00:00-04:00,567.3181993393742,568.4127846067184,565.73055113845,567.4760131835938,38355700
2025-03-26 00:00:00-04:00,567.2097618801449,568.3339598573967,559.3207546377017,560.7013549804688,51848300
2025-03-27 00:00:00-04:00,559.3108687859911,562.9792883535321,557.101956447335,559.2122802734375,42164200
2025-03-28 00:00:00-04:00,557.6838014665011,558.4135249923543,547.3689030262066,547.95068359375,71662700
2025-03-31 00:00:00-04:00,542.201546342058,552.9305994826874,539.282592409213,551.62890625,95328200
2025-04-01 00:00:00-04:00,549.7159501655996,555.1297722698289,545.998235889195,553.1870727539062,54609600
2025-04-02 00:00:00-04:00,547.3491617248258,559.5475341360295,547.1125011420022,556.6878051757812,76014500
2025-04-03 00:00:00-04:00,537.5470765410741,540.3673821784607,529.2537841796875,529.2537841796875,125986000
2025-04-04 00:00:00-04:00,516.404523136506,518.5740121118964,498.05273494035157,498.2696838378906,217965100
2025-04-07 00:00:00-04:00,482.40291724281104,515.9114550791749,475.115432610906,497.3821716308594,256611400
2025-04-08 00:00:00-04:00,514.6196468974629,517.6963548854247,482.3733480760591,489.591796875,165816600
2025-04-09 00:00:00-04:00,486.59399925019795,541.0084228515625,486.20939567811143,541.0084228515625,241867300
2025-04-10 00:00:00-04:00,524.7866027854379,526.0981670837639,502.25365007002944,517.3019409179688,162331200
2025-04-11 00:00:00-04:00,515.7536950429114,528.9874872153164,512.8544826104954,526.5320434570312,97866300
2025-04-14 00:00:00-04:00,536.5017912856171,536.7286411738348,526.453165817952,531.6401977539062,68034000
2025-04-15 00:00:00-04:00,532.1824786951643,535.6930840370895,529.3621734315309,530.1510620117188,56892900
2025-04-16 00:00:00-04:00,524.3033791384568,530.4272422697393,513.0713913810127,518.3668823242188,83484800
2025-04-17 00:00:00-04:00,520.3194821276195,523.800475242003,516.6411916080497,519.1065063476562,79868100
2025-04-21 00:00:00-04:00,513.9293312369678,514.4618777265953,501.4055507612705,506.7503662109375,69368100
2025-04-22 00:00:00-04:00,512.9235348557764,521.9564215250564,511.9867032226325,519.9348754882812,75948100
2025-04-23 00:00:00-04:00,532.9319549297188,537.8625838932508,526.4728430251603,527.991455078125,90590700
2025-04-24 00:00:00-04:00,529.2734571828396,539.8348871004667,528.0211182344198,539.1051635742188,64150400
2025-04-25 00:00:00-04:00,539.0657336001437,543.4046513367819,536.1467793425768,543.0003662109375,61119600
2025-04-28 00:00:00-04:00,543.7399439376,545.8699492792146,537.4583271221219,543.2073974609375,47613800
2025-04-29 00:00:00-04:00,541.294298062473,547.7435994540236,540.9393072120234,546.6292724609375,47775100
2025-04-30 00:00:00-04:00,539.9729233205555,548.7987614609631,534.0068741379372,546.84619140625,93101500
2025-05-01 00:00:00-04:00,552.595342895286,556.2440206119321,550.1201573586014,550.7216796875,63186100
2025-05-02 00:00:00-04:00,556.8948640346016,560.4942476694231,554.5774922291787,558.896728515625,60717300
2025-05-05 00:00:00-04:00,554.7648727126054,558.788283367358,553.9069479669498,555.6918334960938,38659200
2025-05-06 00:00:00-04:00,550.1891335164119,555.5339182387945,549.232620427504,551.0470581054688,48264700
2025-05-07 00:00:00-04:00,552.3784371058738,555.9975022415719,548.3254139860352,553.3645629882812,55588000
2025-05-08 00:00:00-04:00,557.3977102564539,562.3973750401349,553.9068467632651,557.22021484375,65130800
2025-05-09 00:00:00-04:00,558.6205786168767,559.6264462916283,554.9522191721212,556.5103149414062,37603400
2025-05-12 00:00:00-04:00,573.4026196086874,574.9114211824733,569.0340889310521,574.9015502929688,78993600
2025-05-13 00:00:00-04:00,575.3156554869938,580.9070323903663,574.7536167184122,578.6981201171875,67947200
2025-05-14 00:00:00-04:00,579.6546629482465,580.8084133986617,577.4161378946785,579.437744140625,66283500
2025-05-15 00:00:00-04:00,577.4358426248243,582.770756919371,576.9822030720642,582.2678833007812,71268100
2025-05-16 00:00:00-04:00,583.0469103495059,586.2518193704545,581.1042713102905,585.9559936523438,76052100
2025-05-19 00:00:00-04:00,579.9406348417033,587.27741416191,579.9406348417033,586.5969848632812,68168500
2025-05-20 00:00:00-04:00,584.8614155899625,585.8080578995526,581.419785763877,584.6246948242188,60614500
2025-05-21 00:00:00-04:00,580.2758530681597,584.3584282191854,573.7477052570061,574.7732543945312,95197700
2025-05-22 00:00:00-04:00,574.5760959985981,578.4811762683786,573.3434386116112,575.0001831054688,70860400
2025-05-23 00:00:00-04:00,567.9887994120531,573.7379304924723,567.6140667399493,571.0753784179688,76029000
2025-05-27 00:00:00-04:00,577.9387671986972,583.1060568711622,570.4047514802384,582.9483032226562,72588500
2025-05-28 00:00:00-04:00,583.3526850377893,584.5459191469531,578.8460820656009,579.5758056640625,68445500
2025-05-29 00:00:00-04:00,584.8318350718904,584.9699071457442,577.9388245287198,581.8635864257812,69973300
2025-05-30 00:00:00-04:00,580.7591899526665,582.928679235147,575.1481304892388,581.2128295898438,90601200
2025-06-02 00:00:00-04:00,579.605419698203,584.5656021144322,576.9428674958667,584.4867553710938,61630500
2025-06-03 00:00:00-04:00,584.121791379625,588.7960181097066,583.6385391723649,587.8197631835938,63606200
2025-06-04 00:00:00-04:00,588.6777258495218,589.6539808386906,587.2280895107962,587.6619873046875,57314200
2025-06-05 00:00:00-04:00,589.3383724752952,590.6893600195378,582.8496477946317,584.8218994140625,92278700
2025-06-06 00:00:00-04:00,590.3540722792903,592.4940086999786,588.5790577947733,590.8274536132812,66588700
2025-06-09 00:00:00-04:00,591.3994087206146,592.9082102708385,590.1864930975049,591.3599853515625,53016400
2025-06-10 00:00:00-04:00,591.8924637491524,595.0973729509094,590.7781968461302,594.7128295898438,66247000
2025-06-11 00:00:00-04:00,595.8074157747775,596.6653405011278,590.9556931519085,593.0166625976562,73658200
2025-06-12 00:00:00-04:00,591.6853731206485,595.3734741210938,591.2021810906274,595.3734741210938,64129000
2025-06-13 00:00:00-04:00,590.1964131264232,593.4999111629836,587.2182933354198,588.7172241210938,89506000
2025-06-16 00:00:00-04:00,592.0699627819344,596.0637602908375,591.892407169678,594.3182983398438,79984100
2025-06-17 00:00:00-04:00,591.8826784891205,593.401290785268,588.480531921813,589.2398681640625,82209400
2025-06-18 00:00:00-04:00,590.1371267775953,592.8785252065284,588.1944276516227,589.1510009765625,76605000
2025-06-20 00:00:00-04:00,591.8224395288368,592.8906208578056,586.3629131433069,587.7673950195312,94051400
2025-06-23 00:00:00-04:00,588.5190130228361,593.9587392448562,585.4035696790836,593.5730590820312,87426000
2025-06-24 00:00:00-04:00,597.7072083922786,601.1885919192599,596.7972471416377,600.13037109375,67735300
2025-06-25 00:00:00-04:00,601.247995602986,601.940336500435,598.903972841808,600.4666748046875,62114800
2025-06-26 00:00:00-04:00,602.3161684365299,605.5997923429508,601.7029677445283,605.1646118164062,78548400
2025-06-27 00:00:00-04:00,606.1635425121184,609.6350865938839,604.1360202356653,608.1712646484375,86258400
2025-06-30 00:00:00-04:00,610.6141591814244,612.4339608811991,608.2997765977428,611.0789794921875,92502500
2025-07-01 00:00:00-04:00,609.6053849111585,612.0483479268365,608.7746241554748,610.8812866210938,70030100
2025-07-02 00:00:00-04:00,610.4757907292374,613.6901746824169,609.8526899336259,613.650634765625,66510400
2025-07-03 00:00:00-04:00,615.6287169448548,619.4167617045248,615.6089168033244,618.487060546875,51065800
2025-07-07 00:00:00-04:00,616.5286134886126,617.1913144548079,611.0987877910964,613.8779907226562,74814500
2025-07-08 00:00:00-04:00,614.5406899285775,615.2923708557059,612.7307881009865,613.5418090820312,59024600
2025-07-09 00:00:00-04:00,615.945166968477,617.8737488887257,614.1055045789822,617.2210083007812,66113300
2025-07-10 00:00:00-04:00,617.3594891460615,620.0002120765442,616.1825277796053,618.9617309570312,57529000
2025-07-11 00:00:00-04:00,615.9155275578457,618.0122901417473,614.7188263007702,616.785888671875,63670200
2025-07-14 00:00:00-04:00,616.3308265898004,618.3089087938923,614.9857451789246,617.9627685546875,51898500
2025-07-15 00:00:00-04:00,620.6430672331502,620.9793073894895,615.2428812967698,615.322021484375,74317300
2025-07-16 00:00:00-04:00,616.9044910111767,617.8836320494379,611.276844692317,617.3792114257812,88987500
2025-07-17 00:00:00-04:00,617.557284919235,621.5134493059918,617.3396644874989,621.1573486328125,68885700
2025-07-18 00:00:00-04:00,622.4035753929759,622.5716954836944,619.5947323692288,620.7024536132812,65621600
2025-07-21 00:00:00-04:00,621.87939453125,624.6189973413707,621.4541141003111,621.87939453125,63375000
2025-07-22 00:00:00-04:00,622.2058050575365,622.828905853138,619.3277216791315,621.9684448242188,60046300
2025-07-23 00:00:00-04:00,624.6288825447934,627.259765625,622.8288205336723,627.259765625,70511000
2025-07-24 00:00:00-04:00,627.6454884244192,629.1785504969665,627.0421878119985,627.4674682617188,71307100
2025-07-25 00:00:00-04:00,628.1301809903662,630.5928838363332,627.8829206987424,630.1181030273438,56865400
2025-07-28 00:00:00-04:00,630.4939604147171,631.0478210681617,628.5752180855901,629.9598999023438,54917100
2025-07-29 00:00:00-04:00,631.3544434316219,631.670943868378,627.388438817005,628.29833984375,60556300
2025-07-30 00:00:00-04:00,628.9509803708415,630.6917023127537,624.6189756546709,627.5070190429688,80418900
2025-07-31 00:00:00-04:00,632.4522656090571,632.8379457731452,623.8574957354674,625.1531372070312,103385200
2025-08-01 00:00:00-04:00,619.436379958757,619.475980234049,612.5031927364548,614.9065551757812,140103600
2025-08-04 00:00:00-04:00,618.8133862322555,624.3025527793549,618.7244063300172,624.2531127929688,73218000
2025-08-05 00:00:00-04:00,624.866279158634,625.6773001361546,620.1683337507773,621.088134765625,68051400
2025-08-06 00:00:00-04:00,622.1563552914652,626.4982606508958,621.2464542892866,625.8455200195312,64357500
2025-08-07 00:00:00-04:00,629.2675537310744,629.9994345491891,622.2156852544556,625.3212890625,74205800
2025-08-08 00:00:00-04:00,627.1114011688534,630.6620853000642,626.7949007710238,630.1972045898438,64051600
2025-08-11 00:00:00-04:00,630.4742118551501,631.947873553624,627.70484826023,628.9510498046875,58742300
2025-08-12 00:00:00-04:00,631.2950454377703,635.8050706066525,629.8114837326607,635.6468505859375,64730800
2025-08-13 00:00:00-04:00,637.8425547169825,639.1085564704525,635.6370120856271,637.8228149414062,60092800
2025-08-14 00:00:00-04:00,635.7457174616427,638.5447207235369,635.300697252298,637.882080078125,59327500
2025-08-15 00:00:00-04:00,638.9106535836406,639.0095939138803,635.4787099260534,636.3886108398438,68592500
2025-08-18 00:00:00-04:00,635.8150025688236,636.9425240091701,635.1424618060598,636.2501831054688,43804900
2025-08-19 00:00:00-04:00,636.0720632428176,637.0512042052354,631.4828983695179,632.79833984375,69750700
2025-08-20 00:00:00-04:00,632.3929060531275,632.6500060324975,626.013578858981,631.1170043945312,88890300
2025-08-21 00:00:00-04:00,629.3071851926883,630.978606926108,626.8642219548319,628.5851440429688,54805800
2025-08-22 00:00:00-04:00,630.7709103705197,639.4151205943501,630.2664897119097,638.2381591796875,84083200
2025-08-25 00:00:00-04:00,636.9820621561176,638.218363635622,635.3105801411765,635.4292602539062,51274300
2025-08-26 00:00:00-04:00,635.1622594491828,638.4359833484747,634.5391586749303,638.0897827148438,51581600
2025-08-27 00:00:00-04:00,637.5062787617181,640.2755819843173,637.3578984386413,639.543701171875,48341100
2025-08-28 00:00:00-04:00,640.146950913372,642.3623933153343,638.267809046051,641.8085327148438,61519500
2025-08-29 00:00:00-04:00,640.374480883152,640.7404816664739,636.0919759234915,637.9810180664062,74522200
2025-09-02 00:00:00-04:00,630.5137545728464,633.4709780533357,627.9620114164865,633.25341796875,81983500
2025-09-03 00:00:00-04:00,635.6270824559713,637.1502445176759,633.4413400681225,636.6853637695312,70820900
2025-09-04 00:00:00-04:00,637.3579030521721,642.0361089027498,636.4579021356687,642.0064086914062,65219200
2025-09-05 00:00:00-04:00,644.3404973975818,645.0625384730564,636.2798483910566,640.14697265625,85178900
2025-09-08 00:00:00-04:00,641.5118841129237,642.7185457406785,640.1371023874503,641.7196044921875,63133100
2025-09-09 00:00:00-04:00,641.8579832056892,643.7272854003053,640.1271612550325,643.203125,66133900
2025-09-10 00:00:00-04:00,646.4570213518696,647.3768223058731,643.4997982019892,645.0625,78034500
2025-09-11 00:00:00-04:00,647.0109525903231,651.1154976382888,646.4274520986086,650.4231567382812,69934400
2025-09-12 00:00:00-04:00,650.393364548417,651.8868261792371,649.7010841125947,650.2054443359375,72780100
2025-09-15 00:00:00-04:00,652.4111340519337,653.795755474802,652.1144337731963,653.6671752929688,63772400
2025-09-16 00:00:00-04:00,654.2210123755038,654.5276730798186,651.9858301119879,652.7671508789062,61169000
2025-09-17 00:00:00-04:00,652.7770367516476,654.4682584259048,647.1295902463727,651.9561157226562,101952200
2025-09-18 00:00:00-04:00,654.6363789857319,657.6035020628194,653.0341373534065,655.0023193359375,90459200
2025-09-19 00:00:00-04:00,656.8877828567474,659.0895125014193,654.9438659954435,658.2465209960938,97945600
2025-09-22 00:00:00-04:00,656.7587687117981,661.8069106980723,656.7289861632065,661.3606567382812,69452200
2025-09-23 00:00:00-04:00,661.2417286303936,661.8566899635472,656.540685502851,657.7606201171875,81708900
2025-09-24 00:00:00-04:00,659.0497999269948,659.1489540239103,654.2495430702726,655.6677856445312,68082200
2025-09-25 00:00:00-04:00,652.5338627083877,653.9917550046746,649.0328388399253,652.6429443359375,89622100
2025-09-26 00:00:00-04:00,654.0909412604747,656.9274266555326,652.4743298182361,656.3819580078125,69179200
2025-09-29 00:00:00-04:00,658.9010899003678,659.8135740530697,656.4216318338509,658.2266845703125,73499000
2025-09-30 00:00:00-04:00,657.4828203674869,661.1722852976668,656.173659297658,660.7061157226562,86288000
2025-10-01 00:00:00-04:00,657.7208749627936,663.8699431635192,657.611793334362,662.95751953125,72545400
2025-10-02 00:00:00-04:00,664.9410037342527,665.0600128657511,661.3011766397112,663.7210693359375,56896000
2025-10-03 00:00:00-04:00,664.4848020775174,667.1527012490268,662.6698219114437,663.7112426757812,70494400
2025-10-06 00:00:00-04:00,666.1014192164715,666.9841207809839,663.9591941673339,666.0914916992188,54623300
2025-10-07 00:00:00-04:00,667.0138297258598,667.4601442579947,662.1838505424819,663.6219482421875,72020100
2025-10-08 00:00:00-04:00,664.7426772273783,667.6783772359653,663.919480237528,667.5791625976562,60702200
2025-10-09 00:00:00-04:00,667.9957845708525,668.4023890582872,663.7112737749407,665.6452026367188,66501900
2025-10-10 00:00:00-04:00,666.6071968358344,668.4122493878771,647.4757221413303,647.6542358398438,159422600
2025-10-13 00:00:00-04:00,655.2216030747315,659.664772492732,654.3488290056752,657.5919189453125,79560500
2025-10-14 00:00:00-04:00,651.7701536094826,660.3590300864076,647.8030207789583,656.78857421875,88779600
2025-10-15 00:00:00-04:00,661.3408732132422,664.7228272522149,653.5156893256119,659.7044067382812,81702600
2025-10-16 00:00:00-04:00,661.3409444600238,663.2154294168515,651.710706867285,655.2117309570312,110563300
2025-10-17 00:00:00-04:00,654.0810128478913,660.2895852935891,652.7322022395391,658.9308471679688,96500900
2025-10-20 00:00:00-04:00,661.8367798071084,666.6866142382812,661.7872027532737,665.7840576171875,60493400
2025-10-21 00:00:00-04:00,665.9229005771253,667.4601523988813,664.4748753427003,665.7741088867188,56249000
2025-10-22 00:00:00-04:00,666.4783066993808,666.4783066993808,657.8497808005621,662.3128051757812,80564000
2025-10-23 00:00:00-04:00,662.6301900162397,667.1825015615415,662.3128121266341,666.2402954101562,65604500
2025-10-24 00:00:00-04:00,670.9016937183009,672.8951271271609,670.0983517375236,671.6851806640625,74356500
2025-10-27 00:00:00-04:00,677.1201116013259,679.9070199177999,676.5151383891614,679.6094970703125,63339800
2025-10-28 00:00:00-04:00,681.4046232640447,683.2493254549719,679.2028936555786,681.41455078125,61738100
2025-10-29 00:00:00-04:00,683.0609104229828,684.0328991417463,677.2590027977353,681.7418823242188,85657100
2025-10-30 00:00:00-04:00,678.2805222142791,680.303738053287,674.2439575195312,674.2439575195312,76335800
2025-10-31 00:00:00-04:00,679.4111219213156,679.4508319897004,673.6587916341136,676.4556274414062,87164100
2025-11-03 00:00:00-05:00,680.0359699637585,680.1649066224819,674.3530715971103,677.7251586914062,57315000
2025-11-04 00:00:00-05:00,670.5545580097922,674.3729598389511,669.0371611161902,669.6917114257812,78427000
2025-11-05 00:00:00-05:00,669.433839434071,675.2655297930335,668.630497422053,672.0125122070312,74402400
2025-11-06 00:00:00-05:00,670.9115428502156,671.8140994484131,663.2252231578799,664.8021850585938,85035300
2025-11-07 00:00:00-05:00,662.4218719882706,665.5658682287408,655.7769731606511,665.4567260742188,100592400
2025-11-10 00:00:00-05:00,671.6752576501947,676.57466917413,669.4834554774103,675.8407592773438,75842900
2025-11-11 00:00:00-05:00,674.3629519753922,677.9532020666294,673.1529450781785,677.3878784179688,58953400
2025-11-12 00:00:00-05:00,679.1631581075335,679.3318048264125,675.3547447293747,677.7647705078125,62312500
2025-11-13 00:00:00-05:00,674.9084518036677,675.2654792192372,665.010475070097,666.5179443359375,103457800
2025-11-14 00:00:00-05:00,659.9127671356764,670.1082678298286,657.8201189320223,666.408935546875,96846700
2025-11-17 00:00:00-05:00,664.1971714004484,668.1742314199619,656.7290154076413,660.2002563476562,90456100
2025-11-18 00:00:00-05:00,656.6596108350068,659.6548153709225,650.4708935566339,654.65625,114467500
2025-11-19 00:00:00-05:00,655.3505280387882,661.856623370592,653.3371790986623,657.185302734375,94703000
2025-11-20 00:00:00-05:00,667.3808213360044,670.0090710879778,646.5335791707308,647.1683349609375,165293500
2025-11-21 00:00:00-05:00,649.6675301260088,659.0894699034471,645.5020288545189,653.6148681640625,123956200
2025-11-24 00:00:00-05:00,657.2448196444445,664.5542570793402,656.1538823239337,663.2351684570312,80437900
2025-11-25 00:00:00-05:00,663.135941149376,670.6536740212097,659.020017057554,669.4734497070312,81077100
2025-11-26 00:00:00-05:00,672.0620713400136,676.0986363282427,671.1595147067713,674.09521484375,71879600
2025-11-28 00:00:00-05:00,675.2654787466182,678.0523870500939,674.9084513312986,677.7747192382812,49212000
2025-12-01 00:00:00-05:00,673.2323336611282,677.3779800628074,673.1629015749381,674.6803588867188,61201200
2025-12-02 00:00:00-05:00,676.316803165018,678.2012155152329,673.7481184984898,675.9300537109375,62953800
2025-12-03 00:00:00-05:00,674.9779023816353,679.2822075879724,674.105128319461,678.2706298828125,57238500
2025-12-04 00:00:00-05:00,679.6690366334618,679.7384687237238,675.7416137771377,678.7665405273438,61970300
2025-12-05 00:00:00-05:00,679.8375623637357,682.7336127271673,678.9549213715281,680.0557861328125,79241000
2025-12-08 00:00:00-05:00,680.9484564225444,680.9980334759979,675.9696853695019,678.0127563476562,55231500
2025-12-09 00:00:00-05:00,677.5366934232544,679.7582780276033,676.9812972721672,677.4275512695312,58310100
2025-12-10 00:00:00-05:00,676.9515664343469,683.3088703732143,675.711837383319,681.92041015625,85671300
2025-12-11 00:00:00-05:00,679.51034738166,683.5865617528303,676.5647198382891,683.5072021484375,86173700
2025-12-12 00:00:00-05:00,682.5153843270051,683.2195721462687,673.5893360954813,676.1580810546875,113160300
2025-12-15 00:00:00-05:00,680.1053789946951,680.1252340287925,673.6687159286942,675.1365356445312,90811000
2025-12-16 00:00:00-05:00,673.6488975485244,675.4837328267965,669.4338188610296,673.2918701171875,122030600
2025-12-17 00:00:00-05:00,674.3034691132465,674.8489377460819,665.6848710067972,665.8832397460938,110625200
2025-12-18 00:00:00-05:00,672.0322187932205,675.1464323222394,669.3544527925658,670.9114990234375,108650100
2025-12-19 00:00:00-05:00,673.0134542661981,677.4896664833268,672.8940327515619,676.9923095703125,103599500
2025-12-22 00:00:00-05:00,680.3245290528953,681.7370055876305,676.9922622536055,681.2098388671875,69556700
2025-12-23 00:00:00-05:00,680.3046207584179,684.562024812114,680.2548972126992,684.3233032226562,64840000
2025-12-24 00:00:00-05:00,684.313382495532,687.1781631452748,684.164151137988,686.7305297851562,39445600
2025-12-26 00:00:00-05:00,686.989161229118,688.0037280321676,685.6264081645946,686.660888671875,41613300
2025-12-29 00:00:00-05:00,683.9055083361335,685.5567672531378,682.4433081832867,684.2138671875,62559500
2025-12-30 00:00:00-05:00,683.8159723723246,684.9200900521846,682.9505762759469,683.3782958984375,47160700
2025-12-31 00:00:00-05:00,683.5076844111845,683.726492314561,678.1063955310838,678.3152465820312,74144800
2026-01-02 00:00:00-05:00,682.0852055985325,683.2390468658663,676.2263268834449,679.55859375,89377200
2026-01-05 00:00:00-05:00,682.910839643419,685.7855773037328,682.7517121374489,684.0845947265625,71927200
2026-01-06 00:00:00-05:00,684.2934596862484,688.6602678554459,684.1442890432024,688.1529541015625,69273800
2026-01-07 00:00:00-05:00,688.5309418430683,690.2916046822218,685.6761181181482,685.9347534179688,75588300
2026-01-08 00:00:00-05:00,685.1787573638412,686.9692300361542,683.8557710289468,685.8651123046875,64019200
2026-01-09 00:00:00-05:00,686.9791831428475,691.6344363504869,685.5368360184962,690.4010009765625,80125500
2026-01-12 00:00:00-05:00,687.0289310253164,692.410366767912,686.979207477028,691.4852294921875,63976000
2026-01-13 00:00:00-05:00,691.813478661017,692.4103433578374,687.6953490317495,690.1026000976562,78309700
2026-01-14 00:00:00-05:00,687.347202661372,688.0633674208381,682.4134005947378,686.7105712890625,94676700
2026-01-15 00:00:00-05:00,690.8983886882239,691.7737417111902,687.5959315038539,688.5806884765625,77862000
2026-01-16 00:00:00-05:00,689.9931507530615,690.5800586110835,686.4519720383781,688.0037231445312,79289200
2026-01-20 00:00:00-05:00,677.8874730475171,681.1501633341576,672.9934983300664,673.9981689453125,111623300
2026-01-21 00:00:00-05:00,676.0572511802958,685.0991655259935,674.5452667925615,681.77685546875,127844500
2026-01-22 00:00:00-05:00,686.2033478813381,687.476610793547,683.2888434897402,685.3379516601562,77112200
2026-01-23 00:00:00-05:00,684.5123006998919,687.3074439470811,683.5274830754288,685.5865478515625,63059600
2026-01-26 00:00:00-05:00,686.8399658941375,690.4607389282814,686.2729717064406,689.068115234375,60473800
2026-01-27 00:00:00-05:00,690.5104039402848,692.8480177488461,689.9036431059924,691.8134765625,55506100
2026-01-28 00:00:00-05:00,693.3652237572153,694.1510864943795,690.271678492269,691.7438354492188,61172200
2026-01-29 00:00:00-05:00,692.7087686795362,693.375209936545,681.2098793986574,690.3711547851562,97486200
2026-01-30 00:00:00-05:00,688.1330925763239,690.540343876794,683.4877957603626,688.3121337890625,101835100
2026-02-02 00:00:00-05:00,685.9347490634862,693.2458711004026,685.7755608588325,691.73388671875,79286500
2026-02-03 00:00:00-05:00,692.529690413304,693.2757257351432,680.4140840721383,685.885009765625,107904600
2026-02-04 00:00:00-05:00,686.7006659106327,687.7948875474046,678.1561081391175,682.5626831054688,105204600
2026-02-05 00:00:00-05:00,677.3404209861714,680.0758839506523,672.2176206040476,674.0379638671875,113610800
2026-02-06 00:00:00-05:00,677.8576866055596,688.6503070282812,677.2508650473027,686.96923828125,89127600
2026-02-09 00:00:00-05:00,685.7755337993461,692.1914496038428,684.7012866666231,690.2816162109375,73885200
2026-02-10 00:00:00-05:00,691.276360737094,692.8579216647231,688.0037135108784,688.4613037109375,65185700
2026-02-11 00:00:00-05:00,692.7087599208829,693.4547952732178,685.5368515439336,688.3021850585938,76353900
2026-02-12 00:00:00-05:00,690.5701102294341,691.6742279947084,676.7734344520502,677.668701171875,118829000
2026-02-13 00:00:00-05:00,678.0864377658819,682.6522007204912,673.9384983110481,678.1461181640625,96267500
2026-02-17 00:00:00-05:00,676.5446598627462,681.31927396984,672.2077222570326,679.2402954101562,81354700
2026-02-18 00:00:00-05:00,680.4041503420104,685.507036973797,679.2204384959671,682.662109375,73570300
2026-02-19 00:00:00-05:00,680.2251236342836,682.5527199680946,677.9471901363287,680.8616943359375,58649400
2026-02-20 00:00:00-05:00,678.7131823752115,686.4122580979458,678.126274472082,685.7855834960938,100034000
2026-02-23 00:00:00-05:00,684.1940214696967,686.3525334522094,676.7734345413753,678.7827758789062,90558100
2026-02-24 00:00:00-05:00,678.295350173768,684.7112054782021,676.4053697086953,683.7164916992188,73798700
2026-02-25 00:00:00-05:00,686.53156929616,690.0130676270821,686.4519751919497,689.4859008789062,56369500
2026-02-26 00:00:00-05:00,689.615191050754,689.6350440416309,680.7323436648176,685.6561889648438,71671000
2026-02-27 00:00:00-05:00,679.4790749097389,683.2291046432514,678.0367277603054,682.3637084960938,83308900
2026-03-02 00:00:00-05:00,675.1122534180175,684.9797970984218,674.4358553343317,682.7516479492188,87477200
2026-03-03 00:00:00-05:00,671.4915420947397,679.0016196644848,666.1200629162043,676.7337036132812,105003100
2026-03-04 00:00:00-05:00,678.026802327329,683.4579617719511,676.027417786932,681.50830078125,79182200
2026-03-05 00:00:00-05:00,678.4743840881955,681.9061587313661,672.0385544367263,677.7084350585938,106606500
2026-03-06 00:00:00-05:00,669.8501461298736,672.5358853430707,666.2194774432897,668.8256225585938,100687000
2026-03-09 00:00:00-04:00,662.8673051642795,676.3257505242918,658.888450195908,674.6845092773438,102667700
2026-03-10 00:00:00-04:00,674.1374043547928,679.7476047325034,671.1930903760745,673.6002807617188,81505300
2026-03-11 00:00:00-04:00,673.9982140650914,676.4849986405864,669.7806371390539,672.7548217773438,68441700
2026-03-12 00:00:00-04:00,667.6120785283837,668.0995392824933,662.3500644519811,662.5390625,108882200
2026-03-13 00:00:00-04:00,665.7321452917186,668.7859240392634,657.863924887251,658.7890014648438,97200200
2026-03-16 00:00:00-04:00,664.8468199428278,668.5173163233716,663.5934708305671,665.493408203125,82023100
2026-03-17 00:00:00-04:00,668.8355969918504,670.8747480492216,666.1598145596139,667.2440185546875,87128000
2026-03-18 00:00:00-04:00,664.8268919718373,666.1796881508768,657.6948111200146,657.9335327148438,82062600
2026-03-19 00:00:00-04:00,653.497076818377,659.4753162945015,651.7066041735543,656.3121337890625,111272500
2026-03-20 00:00:00-04:00,654.8230422006715,655.0025723674255,643.063298812559,646.9034423828125,163617500
2026-03-23 00:00:00-04:00,656.3790129905765,660.9173090129275,652.2596206790361,653.6959228515625,134802700
2026-03-24 00:00:00-04:00,649.6463809650626,655.3417305137531,648.2100787416998,651.5015869140625,96457500
2026-03-25 00:00:00-04:00,656.9774239230809,659.1917509309695,652.5588148295345,655.1322021484375,90653800
2026-03-26 00:00:00-04:00,650.3844333840033,653.1672421520028,643.1630473705688,643.432373046875,96494400
2026-03-27 00:00:00-04:00,640.8489947137006,641.0085567819559,631.4831091918358,632.4606323242188,103649400
2026-03-30 00:00:00-04:00,638.4651675144013,638.7245091624994,627.6630399662237,630.3460693359375,99275900
2026-03-31 00:00:00-04:00,637.2981538716512,649.865752001465,636.3405988140365,648.6688842773438,152534100
2026-04-01 00:00:00-04:00,652.219751792706,656.8278752918841,651.3220400966815,653.5562744140625,97841500
2026-04-02 00:00:00-04:00,644.7589215344626,656.5086804928782,643.4522901873171,654.144775390625,68358700
2026-04-06 00:00:00-04:00,654.1746977251443,658.0247645183308,653.8356054757206,657.23681640625,39105800
2026-04-07 00:00:00-04:00,654.9626585699763,657.9150134208243,649.386996170508,657.5260009765625,69980400
2026-04-08 00:00:00-04:00,674.6519776493207,675.3402070755335,669.734652974974,674.27294921875,93606100
2026-04-09 00:00:00-04:00,673.1059235004034,679.4096297331154,672.0386657215836,678.162841796875,57134400
2026-04-10 00:00:00-04:00,679.5692561407437,680.2774536083281,676.7066358948267,677.7140502929688,42253500
2026-04-13 00:00:00-04:00,675.669302461078,684.536473353906,674.8414790590384,684.3369750976562,54185800
2026-04-14 00:00:00-04:00,685.9229138241225,692.7952238870419,685.8929616905456,692.675537109375,63480500
2026-04-15 00:00:00-04:00,693.4734516118131,698.480571570673,692.4161778504387,698.1414184570312,58240400
2026-04-16 00:00:00-04:00,699.2585607342904,700.9741726960574,696.7350934539525,699.8569946289062,49972400
2026-04-17 00:00:00-04:00,704.3255249385737,710.5594650064761,703.9464965121796,708.3152465820312,70661900
2026-04-20 00:00:00-04:00,706.9587079747221,708.0857482546458,704.3254772575062,706.8988037109375,43546800
2026-04-21 00:00:00-04:00,708.4548936431559,709.4523240430285,700.8345107773317,702.2708129882812,58941400
2026-04-22 00:00:00-04:00,707.3278031045794,709.6218808832724,706.4001392457644,709.3825073242188,42518500
2026-04-23 00:00:00-04:00,707.6768673789517,710.5295037064266,700.4754491270062,706.6295776367188,56174000
2026-04-24 00:00:00-04:00,708.9236633096505,712.6340752101273,707.1881441382454,712.10546875,45182000
2026-04-27 00:00:00-04:00,711.3374146094498,713.7911152864904,710.4696550399041,713.332275390625,33135900
2026-04-28 00:00:00-04:00,709.9908768700561,711.0481506026886,707.4274735730012,709.8612060546875,43117400
2026-04-29 00:00:00-04:00,709.1729992133655,710.3699278433978,706.5497524472755,709.7515258789062,41859200
2026-04-30 00:00:00-04:00,712.7936806635566,717.9403946619685,708.6244289610544,716.8132934570312,67240900
2026-05-01 00:00:00-04:00,719.3966516418469,723.0073446973263,718.6186267345964,718.7982177734375,43049800
2026-05-04 00:00:00-04:00,718.2196821209096,720.2644021704073,713.152718877996,716.1649780273438,51950600
2026-05-05 00:00:00-04:00,719.9153564929043,723.1769124909786,719.6360467603954,721.9102172851562,36933200
2026-05-06 00:00:00-04:00,726.288861980811,732.7023927493656,725.9497697512824,731.9443359375,53288900
2026-05-07 00:00:00-04:00,733.161188473549,734.238430329629,727.8748196364371,729.7001342773438,51724600
2026-05-08 00:00:00-04:00,733.0415191543954,736.1834492768152,732.6824588199246,735.724609375,47227100
2026-05-11 00:00:00-04:00,734.5576163199453,738.8864300819614,734.5576163199453,737.4002685546875,44024000
2026-05-12 00:00:00-04:00,734.9964788307154,736.9414802248905,729.9494836014034,736.2831420898438,54185300
2026-05-13 00:00:00-04:00,736.5723674930287,741.9983910774667,733.5800764180441,740.4025268554688,44200200
2026-05-14 00:00:00-04:00,741.7391534739264,747.6040491923611,741.649357949993,746.2474975585938,45307600
2026-05-15 00:00:00-04:00,739.8838927249178,741.5496453663399,736.0637780312098,737.2706298828125,60410800
2026-05-18 00:00:00-04:00,737.9289136337939,739.5147938000424,731.5054597381557,736.751953125,47843900
2026-05-19 00:00:00-04:00,732.8919551385734,735.7545755811656,729.650306265128,731.8446044921875,54255900
2026-05-20 00:00:00-04:00,733.8195334397973,739.9636778498481,732.0042028263388,739.3452758789062,45768000
2026-05-21 00:00:00-04:00,736.7419902854853,742.9559620700644,735.1361419849363,740.8114624023438,43332200
2026-05-22 00:00:00-04:00,744.3224328967863,747.015507083493,742.566945697205,743.7239990234375,41762000
2026-05-26 00:00:00-04:00,748.0827892360243,750.1973368284331,746.4469887578754,748.6613159179688,41123600
2026-05-27 00:00:00-04:00,748.9505199197505,749.4492351039673,746.2973210478585,748.5316162109375,42106300
2026-05-28 00:00:00-04:00,748.3221518516883,753.2095851254732,747.3047533704411,752.6609497070312,41562600
2026-05-29 00:00:00-04:00,753.9576670103595,756.1320579864754,752.7507543048832,754.5361328125,55075700
2026-06-01 00:00:00-04:00,753.4189990020213,758.3264003155792,752.7507376917755,756.5908203125,43634900
2026-06-02 00:00:00-04:00,755.0847737682097,758.4461093852723,754.805464031348,757.6182250976562,31581900
2026-06-03 00:00:00-04:00,756.2018667594974,756.8501599793441,751.6336185743088,752.3018798828125,51402500
2026-06-04 00:00:00-04:00,750.1673635570705,756.3614281257201,749.5389775481502,755.1445922851562,49923000
2026-06-05 00:00:00-04:00,750.3768677170906,750.8855669656407,733.6400171295905,735.65478515625,93989400
2026-06-08 00:00:00-04:00,741.4498108327123,743.4247643242134,736.2931129658897,737.3204345703125,49319100
2026-06-09 00:00:00-04:00,741.7191759970133,744.9807928982774,720.7332622187009,735.1560668945312,87683500
2026-06-10 00:00:00-04:00,731.5054857614351,736.4826536495077,723.4661992814284,723.56591796875,60341300
2026-06-11 00:00:00-04:00,726.8873842592473,738.0984921563339,722.5485255148498,735.8642578125,86330500
2026-06-12 00:00:00-04:00,738.8066884479139,742.5270843334097,733.1412911200548,739.843994140625,57079500
2026-06-15 00:00:00-04:00,749.9179969688896,754.7356026867302,749.8282623277308,752.890380859375,60176400
2026-06-16 00:00:00-04:00,752.6111046530555,753.4988323298886,747.9531216783239,748.4019775390625,67093100
2026-06-17 00:00:00-04:00,749.3594421826946,750.217278570044,737.3204502885575,739.0560302734375,85945200
2026-06-18 00:00:00-04:00,747.760009765625,748.22998046875,743.8599853515625,746.739990234375,80875700
2026-06-22 00:00:00-04:00,747.7000122070312,750.1799926757812,743.1300048828125,744.3900146484375,46628100
2026-06-23 00:00:00-04:00,733.8099975585938,739.6300048828125,732.2999877929688,733.5800170898438,66846800
2026-06-24 00:00:00-04:00,735.1699829101562,739.9500122070312,730.8400268554688,733.239990234375,57439500
2026-06-25 00:00:00-04:00,738.9099731445312,739.3699951171875,729.5999755859375,734.2999877929688,53934400
2026-06-26 00:00:00-04:00,728.9500122070312,736.530029296875,716.5800170898438,728.989990234375,71034000
2026-06-29 00:00:00-04:00,736.530029296875,741.5599975585938,732.0900268554688,741.0,58035200
2026-06-30 00:00:00-04:00,741.2899780273438,748.02001953125,740.8900146484375,746.77001953125,55626000
2026-07-01 00:00:00-04:00,745.0,749.4400024414062,742.3800048828125,745.760009765625,47100900
2026-07-02 00:00:00-04:00,747.4000244140625,751.3099975585938,740.030029296875,744.780029296875,57447800
2026-07-06 00:00:00-04:00,748.739990234375,752.4099731445312,747.4099731445312,751.280029296875,50673300
2026-07-07 00:00:00-04:00,750.219970703125,750.9600219726562,745.2100219726562,747.7100219726562,43721500
2026-07-08 00:00:00-04:00,743.1599731445312,746.1500244140625,739.510009765625,745.4000244140625,43767400
2026-07-09 00:00:00-04:00,747.3499755859375,751.969970703125,745.5900268554688,751.7100219726562,41441700
2026-07-10 00:00:00-04:00,752.0499877929688,755.4199829101562,748.0999755859375,754.9500122070312,42191300
2026-07-13 00:00:00-04:00,752.469970703125,753.9099731445312,748.0,749.1699829101562,44013600
2026-07-14 00:00:00-04:00,750.9099731445312,753.3400268554688,748.6599731445312,751.8300170898438,35143100
2026-07-15 00:00:00-04:00,754.239990234375,755.5800170898438,750.2000122070312,754.8099975585938,43844800
2026-07-16 00:00:00-04:00,752.760009765625,754.5700073242188,747.8800048828125,750.719970703125,46409800
2026-07-17 00:00:00-04:00,742.0800170898438,747.2899780273438,740.7999877929688,743.2899780273438,62651000
2026-07-20 00:00:00-04:00,747.0599975585938,748.72998046875,741.510009765625,742.0900268554688,50422300
2026-07-21 00:00:00-04:00,746.2899780273438,749.0399780273438,744.1799926757812,748.280029296875,34324300
2026-07-22 00:00:00-04:00,746.6199951171875,750.02001953125,746.3699951171875,747.4099731445312,32836200
2026-07-23 00:00:00-04:00,739.3699951171875,742.5599975585938,735.2100219726562,738.1799926757812,55437300
2026-07-24 00:00:00-04:00,738.510009765625,743.719970703125,737.2899780273438,738.9299926757812,44782000
2026-07-27 00:00:00-04:00,744.9099731445312,745.530029296875,735.8699951171875,739.0900268554688,41461200
2026-07-28 00:00:00-04:00,739.1900024414062,742.7899780273438,735.97998046875,740.8599853515625,47322200
2026-07-29 00:00:00-04:00,739.969970703125,742.6799926757812,729.0999755859375,729.4600219726562,70697200
2026-07-30 00:00:00-04:00,736.0499877929688,742.4500122070312,734.5900268554688,741.6900024414062,66811300
2026-07-31 00:00:00-04:00,744.6799926757812,748.9000244140625,737.6799926757812,747.030029296875,62445900
2026-08-03 00:00:00-04:00,749.4400024414062,758.5800170898438,748.7999877929688,757.6699829101562,59927500
2026-08-04 00:00:00-04:00,760.6300048828125,773.4099731445312,760.52001953125,771.3300170898438,69154800
2026-08-05 00:00:00-04:00,775.8499755859375,776.8499755859375,769.510009765625,769.7899780273438,44689100
2026-08-06 00:00:00-04:00,770.2100219726562,771.8200073242188,767.4600219726562,768.5599975585938,38416900
2026-08-07 00:00:00-04:00,771.02001953125,773.9199829101562,769.6099853515625,773.260009765625,43586300
2026-08-10 00:00:00-04:00,772.5999755859375,775.0499877929688,771.6199951171875,773.030029296875,39249500
2026-08-11 00:00:00-04:00,774.530029296875,774.6099853515625,769.2000122070312,770.5599975585938,36740600
2026-08-12 00:00:00-04:00,774.7100219726562,774.9000244140625,771.280029296875,772.489990234375,33179100
2026-08-13 00:00:00-04:00,774.8699951171875,779.3699951171875,774.1099853515625,777.8800048828125,35634500
2026-08-14 00:00:00-04:00,778.5399780273438,778.7999877929688,775.4299926757812,776.3400268554688,31367900
2026-08-17 00:00:00-04:00,776.1799926757812,776.780029296875,772.510009765625,772.6699829101562,34356600
2026-08-18 00:00:00-04:00,768.7000122070312,769.5,766.9199829101562,767.4500122070312,43920900
2026-08-19 00:00:00-04:00,770.3599853515625,772.469970703125,768.0999755859375,769.0599975585938,40306000
2026-08-20 00:00:00-04:00,765.9600219726562,768.1500244140625,762.0399780273438,762.5999755859375,45520300
2026-08-21 00:00:00-04:00,766.0499877929688,767.8499755859375,764.1699829101562,765.719970703125,39188700
2026-08-24 00:00:00-04:00,764.780029296875,765.219970703125,762.0800170898438,763.469970703125,32430900
2026-08-25 00:00:00-04:00,766.1599731445312,766.780029296875,763.0499877929688,765.9099731445312,27422300
2026-08-26 00:00:00-04:00,764.72998046875,767.3499755859375,763.9299926757812,766.0800170898438,28751600
2026-08-27 00:00:00-04:00,768.5,772.3599853515625,767.1599731445312,771.0999755859375,34557100
2026-08-28 00:00:00-04:00,771.760009765625,775.2999877929688,768.3099975585938,769.3499755859375,36744300
2026-08-31 00:00:00-04:00,767.3300170898438,768.0,764.719970703125,767.0499877929688,38810800
2026-09-01 00:00:00-04:00,762.010009765625,764.6699829101562,759.47998046875,761.780029296875,41126300
2026-09-02 00:00:00-04:00,762.4500122070312,766.4299926757812,761.72998046875,765.1599731445312,29566200
2026-09-03 00:00:00-04:00,767.9000244140625,774.030029296875,767.4500122070312,773.1699829101562,43531600
2026-09-04 00:00:00-04:00,772.010009765625,772.8699951171875,769.0,770.1900024414062,34054200
2026-09-08 00:00:00-04:00,769.0700073242188,769.7000122070312,765.1400146484375,765.9600219726562,44746100
2026-09-09 00:00:00-04:00,764.0800170898438,764.469970703125,760.9400024414062,762.4000244140625,32812400
2026-09-10 00:00:00-04:00,758.030029296875,760.1099853515625,756.6400146484375,757.8300170898438,42740400
2026-09-11 00:00:00-04:00,764.719970703125,766.3800048828125,763.5999755859375,764.2899780273438,45477300
2026-09-14 00:00:00-04:00,759.0,763.52001953125,757.9299926757812,761.8599853515625,32865011
