persona_id,risk_tolerance,time_horizon,sophistication,strategy,preference_score,expected_pnl_pct,risk_bucket,horizon_bucket
P-0000,0.24395464376443093,0.893679954488408,0.679584238106104,Buy-and-Hold,0.6588481023321732,5.648377788441049,mid,long
P-0000,0.24395464376443093,0.893679954488408,0.679584238106104,SMA-Cross-20-50,0.7491578085273733,1.827869909911105,mid,long
P-0000,0.24395464376443093,0.893679954488408,0.679584238106104,RSI-Mean-Revert,0.5870937626068838,-2.825026897440253,mid,long
P-0000,0.24395464376443093,0.893679954488408,0.679584238106104,MACD-Cross,0.7097164434603387,1.3164816614644608,mid,long
P-0000,0.24395464376443093,0.893679954488408,0.679584238106104,Momentum-20d,0.6112570190421152,5.486330149838402,mid,long
P-0000,0.24395464376443093,0.893679954488408,0.679584238106104,Bollinger-Revert,0.5976909003377293,0.0,mid,long
P-0000,0.24395464376443093,0.893679954488408,0.679584238106104,Donchian-Breakout,0.6092609927489396,-0.9011861559394063,mid,long
P-0000,0.24395464376443093,0.893679954488408,0.679584238106104,Volume-Spike,0.4865816777766596,0.0,mid,long
P-0000,0.24395464376443093,0.893679954488408,0.679584238106104,Z-Score-Revert,0.5976909003377293,-0.7269493596536669,mid,long
P-0000,0.24395464376443093,0.893679954488408,0.679584238106104,Random-Control,0.2876896471627858,-1.358512577756739,mid,long
P-0001,0.28406091873844963,0.7618452767114047,0.1569851673414057,Buy-and-Hold,0.8505217746283786,6.301026642609629,mid,long
P-0001,0.28406091873844963,0.7618452767114047,0.1569851673414057,SMA-Cross-20-50,0.8186238043460975,1.9004618755416716,mid,long
P-0001,0.28406091873844963,0.7618452767114047,0.1569851673414057,RSI-Mean-Revert,0.6210638848421237,-2.8854937150189803,mid,long
P-0001,0.28406091873844963,0.7618452767114047,0.1569851673414057,MACD-Cross,0.7214012376337864,1.3254789529780155,mid,long
P-0001,0.28406091873844963,0.7618452767114047,0.1569851673414057,Momentum-20d,0.7430856605436997,5.935206674151297,mid,long
P-0001,0.28406091873844963,0.7618452767114047,0.1569851673414057,Bollinger-Revert,0.5879398487904349,0.0,mid,long
P-0001,0.28406091873844963,0.7618452767114047,0.1569851673414057,Donchian-Breakout,0.5916702861842414,-0.8913353602631753,mid,long
P-0001,0.28406091873844963,0.7618452767114047,0.1569851673414057,Volume-Spike,0.4594051550920447,0.0,mid,long
P-0001,0.28406091873844963,0.7618452767114047,0.1569851673414057,Z-Score-Revert,0.5879398487904349,-0.7225126311996478,mid,long
P-0001,0.28406091873844963,0.7618452767114047,0.1569851673414057,Random-Control,0.47019989150129216,-1.5510608855338632,mid,long
P-0002,0.3902720399385139,0.5443504985172085,0.7088016409506039,Buy-and-Hold,0.5474298008750362,5.268998471979498,high,short
P-0002,0.3902720399385139,0.5443504985172085,0.7088016409506039,SMA-Cross-20-50,0.8187543529938565,1.90059829887858,high,short
P-0002,0.3902720399385139,0.5443504985172085,0.7088016409506039,RSI-Mean-Revert,0.7784214897447366,-3.1655902517456314,high,short
P-0002,0.3902720399385139,0.5443504985172085,0.7088016409506039,MACD-Cross,0.861429539942496,1.433300745755722,high,short
P-0002,0.3902720399385139,0.5443504985172085,0.7088016409506039,Momentum-20d,0.7418036449487018,5.930841411050329,high,short
P-0002,0.3902720399385139,0.5443504985172085,0.7088016409506039,Bollinger-Revert,0.8037596877714259,0.0,high,short
P-0002,0.3902720399385139,0.5443504985172085,0.7088016409506039,Donchian-Breakout,0.7929522818772121,-1.004053277851239,high,short
P-0002,0.3902720399385139,0.5443504985172085,0.7088016409506039,Volume-Spike,0.6909521418029131,0.0,high,short
P-0002,0.3902720399385139,0.5443504985172085,0.7088016409506039,Z-Score-Revert,0.8037596877714259,-0.8207106579359988,high,short
P-0002,0.3902720399385139,0.5443504985172085,0.7088016409506039,Random-Control,0.4344118916221792,-1.513304545661399,high,short
P-0003,0.29864681446248165,0.061405332198746526,0.7448830082522524,Buy-and-Hold,0.34005928580389,4.562901868162245,mid,short
P-0003,0.29864681446248165,0.061405332198746526,0.7448830082522524,SMA-Cross-20-50,0.6261457620124886,1.6993223213030504,mid,short
P-0003,0.29864681446248165,0.061405332198746526,0.7448830082522524,RSI-Mean-Revert,0.7368721187537175,-3.091632371381617,mid,short
P-0003,0.29864681446248165,0.061405332198746526,0.7448830082522524,MACD-Cross,0.6875494302131024,1.2994130612640888,mid,short
P-0003,0.29864681446248165,0.061405332198746526,0.7448830082522524,Momentum-20d,0.6569206382282562,5.641814773167212,mid,short
P-0003,0.29864681446248165,0.061405332198746526,0.7448830082522524,Bollinger-Revert,0.7628416534485714,0.0,mid,short
P-0003,0.29864681446248165,0.061405332198746526,0.7448830082522524,Donchian-Breakout,0.6855047352318443,-0.9438826517298329,mid,short
P-0003,0.29864681446248165,0.061405332198746526,0.7448830082522524,Volume-Spike,0.6985711897084549,0.0,mid,short
P-0003,0.29864681446248165,0.061405332198746526,0.7448830082522524,Z-Score-Revert,0.7628416534485714,-0.8020929523190999,mid,short
P-0003,0.29864681446248165,0.061405332198746526,0.7448830082522524,Random-Control,0.446837607291272,-1.5264136756922917,mid,short
P-0004,0.41835336214606494,0.32337378500531233,0.6050743103716479,Buy-and-Hold,0.496478638461775,5.095509763962344,high,short
P-0004,0.41835336214606494,0.32337378500531233,0.6050743103716479,SMA-Cross-20-50,0.8009067375166781,1.8819475407049284,high,short
P-0004,0.41835336214606494,0.32337378500531233,0.6050743103716479,RSI-Mean-Revert,0.8780950567461262,-3.3430092010081043,high,short
P-0004,0.41835336214606494,0.32337378500531233,0.6050743103716479,MACD-Cross,0.8723238419590686,1.4416893583084829,high,short
P-0004,0.41835336214606494,0.32337378500531233,0.6050743103716479,Momentum-20d,0.8123761874157047,6.171140918150474,high,short
P-0004,0.41835336214606494,0.32337378500531233,0.6050743103716479,Bollinger-Revert,0.8942210110736211,0.0,high,short
P-0004,0.41835336214606494,0.32337378500531233,0.6050743103716479,Donchian-Breakout,0.8314550959293187,-1.0256148537204186,high,short
P-0004,0.41835336214606494,0.32337378500531233,0.6050743103716479,Volume-Spike,0.7620321215211544,0.0,high,short
P-0004,0.41835336214606494,0.32337378500531233,0.6050743103716479,Z-Score-Revert,0.8942210110736211,-0.8618705600384976,high,short
P-0004,0.41835336214606494,0.32337378500531233,0.6050743103716479,Random-Control,0.5352440595124776,-1.6196824827856637,high,short
P-0005,0.49963164721546416,0.6773829847038056,0.3328889616410934,Buy-and-Hold,0.7124250062876677,5.830807146409509,high,long
P-0005,0.49963164721546416,0.6773829847038056,0.3328889616410934,SMA-Cross-20-50,0.9175005395610638,2.0037880638413115,high,long
P-0005,0.49963164721546416,0.6773829847038056,0.3328889616410934,RSI-Mean-Revert,0.7547668982878903,-3.1234850789524446,high,long
P-0005,0.49963164721546416,0.6773829847038056,0.3328889616410934,MACD-Cross,0.8592982372917852,1.4316596427146746,high,long
P-0005,0.49963164721546416,0.6773829847038056,0.3328889616410934,Momentum-20d,0.8387309291021215,6.260878813592723,high,long
P-0005,0.49963164721546416,0.6773829847038056,0.3328889616410934,Bollinger-Revert,0.7268455685893618,0.0,high,long
P-0005,0.49963164721546416,0.6773829847038056,0.3328889616410934,Donchian-Breakout,0.7493760427692828,-0.9796505839507985,high,long
P-0005,0.49963164721546416,0.6773829847038056,0.3328889616410934,Volume-Spike,0.6114616381341631,0.0,high,long
P-0005,0.49963164721546416,0.6773829847038056,0.3328889616410934,Z-Score-Revert,0.7268455685893618,-0.7857147337081596,high,long
P-0005,0.49963164721546416,0.6773829847038056,0.3328889616410934,Random-Control,0.5511195446003605,-1.6364311195533803,high,long
P-0006,0.3039632841398589,0.3535861998278402,0.2676044779055382,Buy-and-Hold,0.6098075575154631,5.481394733340152,mid,short
P-0006,0.3039632841398589,0.3535861998278402,0.2676044779055382,SMA-Cross-20-50,0.8292454139423563,1.9115614575697621,mid,short
P-0006,0.3039632841398589,0.3535861998278402,0.2676044779055382,RSI-Mean-Revert,0.780518112638875,-3.1693222404971975,mid,short
P-0006,0.3039632841398589,0.3535861998278402,0.2676044779055382,MACD-Cross,0.8051709522550258,1.38998163323637,mid,short
P-0006,0.3039632841398589,0.3535861998278402,0.2676044779055382,Momentum-20d,0.8821949284291721,6.40887373130133,mid,short
P-0006,0.3039632841398589,0.3535861998278402,0.2676044779055382,Bollinger-Revert,0.7411589927789024,0.0,mid,short
P-0006,0.3039632841398589,0.3535861998278402,0.2676044779055382,Donchian-Breakout,0.7002856336086212,-0.9521599548208279,mid,short
P-0006,0.3039632841398589,0.3535861998278402,0.2676044779055382,Volume-Spike,0.6098688118994613,0.0,mid,short
P-0006,0.3039632841398589,0.3535861998278402,0.2676044779055382,Z-Score-Revert,0.7411589927789024,-0.7922273417144006,mid,short
P-0006,0.3039632841398589,0.3535861998278402,0.2676044779055382,Random-Control,0.5953693519633971,-1.6831146663213838,mid,short
P-0007,0.15089426689933477,0.672978924654114,0.6904527672782002,Buy-and-Hold,0.6092790308799991,5.479595100146397,low,long
P-0007,0.15089426689933477,0.672978924654114,0.6904527672782002,SMA-Cross-20-50,0.7750982438731265,1.854977664847417,low,long
P-0007,0.15089426689933477,0.672978924654114,0.6904527672782002,RSI-Mean-Revert,0.6454667414266331,-2.928930799739407,low,long
P-0007,0.15089426689933477,0.672978924654114,0.6904527672782002,MACD-Cross,0.7496211019127406,1.3472082484728103,low,long
P-0007,0.15089426689933477,0.672978924654114,0.6904527672782002,Momentum-20d,0.6589986951812483,5.64889055709215,low,long
P-0007,0.15089426689933477,0.672978924654114,0.6904527672782002,Bollinger-Revert,0.6589277003095925,0.0,low,long
P-0007,0.15089426689933477,0.672978924654114,0.6904527672782002,Donchian-Breakout,0.6421283737904425,-0.919591889322648,low,long
P-0007,0.15089426689933477,0.672978924654114,0.6904527672782002,Volume-Spike,0.5362693074769371,0.0,low,long
P-0007,0.15089426689933477,0.672978924654114,0.6904527672782002,Z-Score-Revert,0.6589277003095925,-0.7548121036408646,low,long
P-0007,0.15089426689933477,0.672978924654114,0.6904527672782002,Random-Control,0.3251693369681067,-1.3980536505013523,low,long
P-0008,0.3293798647231175,0.6602724881855183,0.3879697398235577,Buy-and-Hold,0.7322435791411166,5.8982893869755015,mid,long
P-0008,0.3293798647231175,0.6602724881855183,0.3879697398235577,SMA-Cross-20-50,0.9459484705781864,2.033516151754205,mid,long
P-0008,0.3293798647231175,0.6602724881855183,0.3879697398235577,RSI-Mean-Revert,0.7319314126597051,-3.082837914534275,mid,long
P-0008,0.3293798647231175,0.6602724881855183,0.3879697398235577,MACD-Cross,0.8501675600030931,1.4246290212023818,mid,long
P-0008,0.3293798647231175,0.6602724881855183,0.3879697398235577,Momentum-20d,0.8132812509032128,6.174222659325439,mid,long
P-0008,0.3293798647231175,0.6602724881855183,0.3879697398235577,Bollinger-Revert,0.7124886352442439,0.0,mid,long
P-0008,0.3293798647231175,0.6602724881855183,0.3879697398235577,Donchian-Breakout,0.7112914479909856,-0.9583232108749521,mid,long
P-0008,0.3293798647231175,0.6602724881855183,0.3879697398235577,Volume-Spike,0.5794063883928267,0.0,mid,long
P-0008,0.3293798647231175,0.6602724881855183,0.3879697398235577,Z-Score-Revert,0.7124886352442439,-0.7791823290361309,mid,long
P-0008,0.3293798647231175,0.6602724881855183,0.3879697398235577,Random-Control,0.48682909967543997,-1.5686047001575891,mid,long
P-0009,0.5237398684560446,0.6675401065414731,0.48766088617618136,Buy-and-Hold,0.6508973188982481,5.6213053708485345,high,long
P-0009,0.5237398684560446,0.6675401065414731,0.48766088617618136,SMA-Cross-20-50,0.9041569825142068,1.989844046727346,high,long
P-0009,0.5237398684560446,0.6675401065414731,0.48766088617618136,RSI-Mean-Revert,0.783163970314298,-3.1740318671594503,high,long
P-0009,0.5237398684560446,0.6675401065414731,0.48766088617618136,MACD-Cross,0.9020450403090012,1.464574681037931,high,long
P-0009,0.5237398684560446,0.6675401065414731,0.48766088617618136,Momentum-20d,0.8108282102047958,6.1658700557473285,high,long
P-0009,0.5237398684560446,0.6675401065414731,0.48766088617618136,Bollinger-Revert,0.773783721426935,0.0,high,long
P-0009,0.5237398684560446,0.6675401065414731,0.48766088617618136,Donchian-Breakout,0.8039851884211842,-1.0102317055158632,high,long
P-0009,0.5237398684560446,0.6675401065414731,0.48766088617618136,Volume-Spike,0.663349186463194,0.0,high,long
P-0009,0.5237398684560446,0.6675401065414731,0.48766088617618136,Z-Score-Revert,0.773783721426935,-0.8070715932492555,high,long
P-0009,0.5237398684560446,0.6675401065414731,0.48766088617618136,Random-Control,0.5164414551029972,-1.599845735133662,high,long
P-0010,0.16127411465867025,0.5781941450192577,0.09638290465218592,Buy-and-Hold,0.7554371540412976,5.977263509510618,low,short
P-0010,0.16127411465867025,0.5781941450192577,0.09638290465218592,SMA-Cross-20-50,0.7766550618207444,1.8566045396026778,low,short
P-0010,0.16127411465867025,0.5781941450192577,0.09638290465218592,RSI-Mean-Revert,0.6201846306214313,-2.8839286425061474,low,short
P-0010,0.16127411465867025,0.5781941450192577,0.09638290465218592,MACD-Cross,0.692452546007088,1.3031884604254578,low,short
P-0010,0.16127411465867025,0.5781941450192577,0.09638290465218592,Momentum-20d,0.7497013116046533,5.957732966013843,low,short
P-0010,0.16127411465867025,0.5781941450192577,0.09638290465218592,Bollinger-Revert,0.5822670057249093,0.0,low,short
P-0010,0.16127411465867025,0.5781941450192577,0.09638290465218592,Donchian-Breakout,0.561970734774295,-0.8747036114736053,low,short
P-0010,0.16127411465867025,0.5781941450192577,0.09638290465218592,Volume-Spike,0.4476247755592083,0.0,low,short
P-0010,0.16127411465867025,0.5781941450192577,0.09638290465218592,Z-Score-Revert,0.5822670057249093,-0.7199314876048337,low,short
P-0010,0.16127411465867025,0.5781941450192577,0.09638290465218592,Random-Control,0.48889817116572465,-1.5707875705798393,low,short
P-0011,0.3274650438666328,0.8648659989664054,0.8136099470097058,Buy-and-Hold,0.5742662443441655,5.360376561991883,mid,long
P-0011,0.3274650438666328,0.8648659989664054,0.8136099470097058,SMA-Cross-20-50,0.7133593971915859,1.7904605700652072,mid,long
P-0011,0.3274650438666328,0.8648659989664054,0.8136099470097058,RSI-Mean-Revert,0.595154310069313,-2.839374671923377,mid,long
P-0011,0.3274650438666328,0.8648659989664054,0.8136099470097058,MACD-Cross,0.7049030062543693,1.3127753148158643,mid,long
P-0011,0.3274650438666328,0.8648659989664054,0.8136099470097058,Momentum-20d,0.5878253259639026,5.406545234907088,mid,long
P-0011,0.3274650438666328,0.8648659989664054,0.8136099470097058,Bollinger-Revert,0.6174741365761783,0.0,mid,long
P-0011,0.3274650438666328,0.8648659989664054,0.8136099470097058,Donchian-Breakout,0.6346180537219475,-0.9153861100842907,mid,long
P-0011,0.3274650438666328,0.8648659989664054,0.8136099470097058,Volume-Spike,0.5245201366306849,0.0,mid,long
P-0011,0.3274650438666328,0.8648659989664054,0.8136099470097058,Z-Score-Revert,0.6174741365761783,-0.7359507321421612,mid,long
P-0011,0.3274650438666328,0.8648659989664054,0.8136099470097058,Random-Control,0.27548236316782226,-1.3456338931420524,mid,long
P-0012,0.48761242462451476,0.4828407645480531,0.33687721739345405,Buy-and-Hold,0.631993932236754,5.5569393392661475,high,short
P-0012,0.48761242462451476,0.4828407645480531,0.33687721739345405,SMA-Cross-20-50,0.9080095854916317,1.993870016838755,high,short
P-0012,0.48761242462451476,0.4828407645480531,0.33687721739345405,RSI-Mean-Revert,0.8443607220904703,-3.2829620853210373,high,short
P-0012,0.48761242462451476,0.4828407645480531,0.33687721739345405,MACD-Cross,0.9050317007447904,1.4668744095734887,high,short
P-0012,0.48761242462451476,0.4828407645480531,0.33687721739345405,Momentum-20d,0.947160704466993,6.63008219871011,high,short
P-0012,0.48761242462451476,0.4828407645480531,0.33687721739345405,Bollinger-Revert,0.8039597736807498,0.0,high,short
P-0012,0.48761242462451476,0.4828407645480531,0.33687721739345405,Donchian-Breakout,0.7989986126321553,-1.007439223074007,high,short
P-0012,0.48761242462451476,0.4828407645480531,0.33687721739345405,Volume-Spike,0.6788338692685552,0.0,high,short
P-0012,0.48761242462451476,0.4828407645480531,0.33687721739345405,Z-Score-Revert,0.8039597736807498,-0.8208016970247412,high,short
P-0012,0.48761242462451476,0.4828407645480531,0.33687721739345405,Random-Control,0.6213546853485152,-1.7105291930426836,high,short
P-0013,0.21620560433097472,0.8742634406108408,0.2526228444002284,Buy-and-Hold,0.8854486481797036,6.41995264705189,mid,long
P-0013,0.21620560433097472,0.8742634406108408,0.2526228444002284,SMA-Cross-20-50,0.7912570634107445,1.8718636312642278,mid,long
P-0013,0.21620560433097472,0.8742634406108408,0.2526228444002284,RSI-Mean-Revert,0.576415260551175,-2.8060191637810914,mid,long
P-0013,0.21620560433097472,0.8742634406108408,0.2526228444002284,MACD-Cross,0.6935102834222953,1.3040029182351673,mid,long
P-0013,0.21620560433097472,0.8742634406108408,0.2526228444002284,Momentum-20d,0.679734659495232,5.719496515581265,mid,long
P-0013,0.21620560433097472,0.8742634406108408,0.2526228444002284,Bollinger-Revert,0.5536266414753448,0.0,mid,long
P-0013,0.21620560433097472,0.8742634406108408,0.2526228444002284,Donchian-Breakout,0.560434412700684,-0.8738432711123831,mid,long
P-0013,0.21620560433097472,0.8742634406108408,0.2526228444002284,Volume-Spike,0.4239232102368431,0.0,mid,long
P-0013,0.21620560433097472,0.8742634406108408,0.2526228444002284,Z-Score-Revert,0.5536266414753448,-0.7069001218712819,mid,long
P-0013,0.21620560433097472,0.8742634406108408,0.2526228444002284,Random-Control,0.38603014391916424,-1.4622618018347182,mid,long
P-0014,0.29178582562220173,0.37742970771084705,0.42731885961458516,Buy-and-Hold,0.5904652873949335,5.415534303579749,mid,short
P-0014,0.29178582562220173,0.37742970771084705,0.42731885961458516,SMA-Cross-20-50,0.8562477100048038,1.9397788569550198,mid,short
P-0014,0.29178582562220173,0.37742970771084705,0.42731885961458516,RSI-Mean-Revert,0.8117856850190016,-3.2249785193338227,mid,short
P-0014,0.29178582562220173,0.37742970771084705,0.42731885961458516,MACD-Cross,0.8543300910375322,1.4278341700989,mid,short
P-0014,0.29178582562220173,0.37742970771084705,0.42731885961458516,Momentum-20d,0.8584930478511104,6.32816882793303,mid,short
P-0014,0.29178582562220173,0.37742970771084705,0.42731885961458516,Bollinger-Revert,0.7911857977623948,0.0,mid,short
P-0014,0.29178582562220173,0.37742970771084705,0.42731885961458516,Donchian-Breakout,0.743766378408445,-0.9765091719087292,mid,short
P-0014,0.29178582562220173,0.37742970771084705,0.42731885961458516,Volume-Spike,0.6516142212342022,0.0,mid,short
P-0014,0.29178582562220173,0.37742970771084705,0.42731885961458516,Z-Score-Revert,0.7911857977623948,-0.8149895379818897,mid,short
P-0014,0.29178582562220173,0.37742970771084705,0.42731885961458516,Random-Control,0.5419268135559914,-1.6267327883015708,mid,short
P-0015,0.22819733188848898,0.8298354161175464,0.8231414338090799,Buy-and-Hold,0.5707818703638867,5.348512268589034,mid,long
P-0015,0.22819733188848898,0.8298354161175464,0.8231414338090799,SMA-Cross-20-50,0.7048225684563245,1.781539584036859,mid,long
P-0015,0.22819733188848898,0.8298354161175464,0.8231414338090799,RSI-Mean-Revert,0.5823146405759954,-2.8165200602252716,mid,long
P-0015,0.22819733188848898,0.8298354161175464,0.8231414338090799,MACD-Cross,0.6906520414580806,1.3018020719227221,mid,long
P-0015,0.22819733188848898,0.8298354161175464,0.8231414338090799,Momentum-20d,0.5787668360993323,5.375701076918226,mid,long
P-0015,0.22819733188848898,0.8298354161175464,0.8231414338090799,Bollinger-Revert,0.6047132299753069,0.0,mid,long
P-0015,0.22819733188848898,0.8298354161175464,0.8231414338090799,Donchian-Breakout,0.6096376290041705,-0.9013970722423356,mid,long
P-0015,0.22819733188848898,0.8298354161175464,0.8231414338090799,Volume-Spike,0.503742420586526,0.0,mid,long
P-0015,0.22819733188848898,0.8298354161175464,0.8231414338090799,Z-Score-Revert,0.6047132299753069,-0.7301445196387646,mid,long
P-0015,0.22819733188848898,0.8298354161175464,0.8231414338090799,Random-Control,0.255791162922108,-1.324859676882824,mid,long
P-0016,0.15634583241166214,0.658598217835024,0.3551266915395898,Buy-and-Hold,0.7526470187840938,5.967763098959839,low,long
P-0016,0.15634583241166214,0.658598217835024,0.3551266915395898,SMA-Cross-20-50,0.8530139254568766,1.936399552102436,low,long
P-0016,0.15634583241166214,0.658598217835024,0.3551266915395898,RSI-Mean-Revert,0.660191241158,-2.95514040926124,low,long
P-0016,0.15634583241166214,0.658598217835024,0.3551266915395898,MACD-Cross,0.7660200456552283,1.3598354351545257,low,long
P-0016,0.15634583241166214,0.658598217835024,0.3551266915395898,Momentum-20d,0.749660112854287,5.957592684268847,low,long
P-0016,0.15634583241166214,0.658598217835024,0.3551266915395898,Bollinger-Revert,0.6415846732028594,0.0,low,long
P-0016,0.15634583241166214,0.658598217835024,0.3551266915395898,Donchian-Breakout,0.6247685916664375,-0.9098704113332051,low,long
P-0016,0.15634583241166214,0.658598217835024,0.3551266915395898,Volume-Spike,0.5021577854568359,0.0,low,long
P-0016,0.15634583241166214,0.658598217835024,0.3551266915395898,Z-Score-Revert,0.6415846732028594,-0.7469210263073011,low,long
P-0016,0.15634583241166214,0.658598217835024,0.3551266915395898,Random-Control,0.4252048315606032,-1.5035910972964364,low,long
P-0017,0.14563365400354747,0.35490736776990184,0.6003941069659102,Buy-and-Hold,0.5275967591062436,5.201466964756759,low,short
P-0017,0.14563365400354747,0.35490736776990184,0.6003941069659102,SMA-Cross-20-50,0.7655286553003902,1.8449774447889076,low,short
P-0017,0.14563365400354747,0.35490736776990184,0.6003941069659102,RSI-Mean-Revert,0.7294803937339169,-3.078475100846372,low,short
P-0017,0.14563365400354747,0.35490736776990184,0.6003941069659102,MACD-Cross,0.7714492355326584,1.3640159113601469,low,short
P-0017,0.14563365400354747,0.35490736776990184,0.6003941069659102,Momentum-20d,0.7305280025950976,5.892447848836307,low,short
P-0017,0.14563365400354747,0.35490736776990184,0.6003941069659102,Bollinger-Revert,0.7357628901094777,0.0,low,short
P-0017,0.14563365400354747,0.35490736776990184,0.6003941069659102,Donchian-Breakout,0.6788792821096725,-0.9401723979814167,low,short
P-0017,0.14563365400354747,0.35490736776990184,0.6003941069659102,Volume-Spike,0.6075236986817899,0.0,low,short
P-0017,0.14563365400354747,0.35490736776990184,0.6003941069659102,Z-Score-Revert,0.7357628901094777,-0.7897721149998124,low,short
P-0017,0.14563365400354747,0.35490736776990184,0.6003941069659102,Random-Control,0.4242340076631791,-1.502566878084654,low,short
P-0018,0.3281252531586547,0.2046854449492794,0.09822526141117759,Buy-and-Hold,0.5349034252009038,5.226346162809077,mid,short
P-0018,0.3281252531586547,0.2046854449492794,0.09822526141117759,SMA-Cross-20-50,0.7098807316988358,1.7868253646252834,mid,short
P-0018,0.3281252531586547,0.2046854449492794,0.09822526141117759,RSI-Mean-Revert,0.7145625095035815,-3.051921266916375,mid,short
P-0018,0.3281252531586547,0.2046854449492794,0.09822526141117759,MACD-Cross,0.6954924436653511,1.3055291816223205,mid,short
P-0018,0.3281252531586547,0.2046854449492794,0.09822526141117759,Momentum-20d,0.8099107673143784,6.162746162705458,mid,short
P-0018,0.3281252531586547,0.2046854449492794,0.09822526141117759,Bollinger-Revert,0.6659447996411154,0.0,mid,short
P-0018,0.3281252531586547,0.2046854449492794,0.09822526141117759,Donchian-Breakout,0.6221920721500334,-0.9084275604040187,mid,short
P-0018,0.3281252531586547,0.2046854449492794,0.09822526141117759,Volume-Spike,0.5584796848371143,0.0,mid,short
P-0018,0.3281252531586547,0.2046854449492794,0.09822526141117759,Z-Score-Revert,0.6659447996411154,-0.7580048838367075,mid,short
P-0018,0.3281252531586547,0.2046854449492794,0.09822526141117759,Random-Control,0.6595845819990054,-1.7508617340089505,mid,short
P-0019,0.313299117387217,0.7756511426664503,0.0786733520271131,Buy-and-Hold,0.8543704177243382,6.3141312723513705,mid,long
P-0019,0.313299117387217,0.7756511426664503,0.0786733520271131,SMA-Cross-20-50,0.7827281413655871,1.8629509077270383,mid,long
P-0019,0.313299117387217,0.7756511426664503,0.0786733520271131,RSI-Mean-Revert,0.5975253424529201,-2.843595109566198,mid,long
P-0019,0.313299117387217,0.7756511426664503,0.0786733520271131,MACD-Cross,0.6899694013414263,1.3012764390328984,mid,long
P-0019,0.313299117387217,0.7756511426664503,0.0786733520271131,Momentum-20d,0.7261652045131858,5.877592521367397,mid,long
P-0019,0.313299117387217,0.7756511426664503,0.0786733520271131,Bollinger-Revert,0.5602186605832792,0.0,mid,long
P-0019,0.313299117387217,0.7756511426664503,0.0786733520271131,Donchian-Breakout,0.5670131535921052,-0.877527366011579,mid,long
P-0019,0.313299117387217,0.7756511426664503,0.0786733520271131,Volume-Spike,0.43599681127660406,0.0,mid,long
P-0019,0.313299117387217,0.7756511426664503,0.0786733520271131,Z-Score-Revert,0.5602186605832792,-0.709899490565392,mid,long
P-0019,0.313299117387217,0.7756511426664503,0.0786733520271131,Random-Control,0.4813762158159086,-1.5628519076857836,mid,long
P-0020,0.32894420762061183,0.533836818383637,0.5912145326871989,Buy-and-Hold,0.6019939541092787,5.454789413742094,mid,short
P-0020,0.32894420762061183,0.533836818383637,0.5912145326871989,SMA-Cross-20-50,0.8761863096650907,1.9606146936000195,mid,short
P-0020,0.32894420762061183,0.533836818383637,0.5912145326871989,RSI-Mean-Revert,0.7867153770290788,-3.18035337111176,mid,short
P-0020,0.32894420762061183,0.533836818383637,0.5912145326871989,MACD-Cross,0.8863849989977678,1.4525164492282812,mid,short
P-0020,0.32894420762061183,0.533836818383637,0.5912145326871989,Momentum-20d,0.7902554870723125,6.0958199334812235,mid,short
P-0020,0.32894420762061183,0.533836818383637,0.5912145326871989,Bollinger-Revert,0.7932569351021223,0.0,mid,short
P-0020,0.32894420762061183,0.533836818383637,0.5912145326871989,Donchian-Breakout,0.7722048585173844,-0.9924347207697354,mid,short
P-0020,0.32894420762061183,0.533836818383637,0.5912145326871989,Volume-Spike,0.6607975733473461,0.0,mid,short
P-0020,0.32894420762061183,0.533836818383637,0.5912145326871989,Z-Score-Revert,0.7932569351021223,-0.8159319054714657,mid,short
P-0020,0.32894420762061183,0.533836818383637,0.5912145326871989,Random-Control,0.4633891147035776,-1.5438755160122744,mid,short
P-0021,0.16357224331793252,0.551844538123202,0.2532745510177778,Buy-and-Hold,0.725735293644628,5.876128674859958,low,short
P-0021,0.16357224331793252,0.551844538123202,0.2532745510177778,SMA-Cross-20-50,0.836960751128941,1.9196239849297432,low,short
P-0021,0.16357224331793252,0.551844538123202,0.2532745510177778,RSI-Mean-Revert,0.6760821578648324,-2.983426240999402,low,short
P-0021,0.16357224331793252,0.551844538123202,0.2532745510177778,MACD-Cross,0.7572759188057245,1.353102457480408,low,short
P-0021,0.16357224331793252,0.551844538123202,0.2532745510177778,Momentum-20d,0.7851949202908466,6.0785887035903325,low,short
P-0021,0.16357224331793252,0.551844538123202,0.2532745510177778,Bollinger-Revert,0.6468648062677438,0.0,low,short
P-0021,0.16357224331793252,0.551844538123202,0.2532745510177778,Donchian-Breakout,0.6209529321800402,-0.9077336420208226,low,short
P-0021,0.16357224331793252,0.551844538123202,0.2532745510177778,Volume-Spike,0.5072531091757602,0.0,low,short
P-0021,0.16357224331793252,0.551844538123202,0.2532745510177778,Z-Score-Revert,0.6468648062677438,-0.7493234868518235,low,short
P-0021,0.16357224331793252,0.551844538123202,0.2532745510177778,Random-Control,0.48018037563118465,-1.5615902962908996,low,short
P-0022,0.41305495459492536,0.6686764017705321,0.35225737296980636,Buy-and-Hold,0.7299373389755657,5.890436639211801,high,long
P-0022,0.41305495459492536,0.6686764017705321,0.35225737296980636,SMA-Cross-20-50,0.9511251992830413,2.038925833250778,high,long
P-0022,0.41305495459492536,0.6686764017705321,0.35225737296980636,RSI-Mean-Revert,0.7465579467506395,-3.1088731452161382,high,long
P-0022,0.41305495459492536,0.6686764017705321,0.35225737296980636,MACD-Cross,0.8611486967093607,1.4330844964662077,high,long
P-0022,0.41305495459492536,0.6686764017705321,0.35225737296980636,Momentum-20d,0.8341915936805813,6.245422376482379,high,long
P-0022,0.41305495459492536,0.6686764017705321,0.35225737296980636,Bollinger-Revert,0.7217632012884265,0.0,high,long
P-0022,0.41305495459492536,0.6686764017705321,0.35225737296980636,Donchian-Breakout,0.731733417910031,-0.9697707140296175,high,long
P-0022,0.41305495459492536,0.6686764017705321,0.35225737296980636,Volume-Spike,0.5957274135792499,0.0,high,long
P-0022,0.41305495459492536,0.6686764017705321,0.35225737296980636,Z-Score-Revert,0.7217632012884265,-0.7834022565862341,high,long
P-0022,0.41305495459492536,0.6686764017705321,0.35225737296980636,Random-Control,0.5222994020006467,-1.6060258691106823,high,long
P-0023,0.11293331963858236,0.5763167699698097,0.7753798878121702,Buy-and-Hold,0.5369571369375719,5.233339051272432,low,short
P-0023,0.11293331963858236,0.5763167699698097,0.7753798878121702,SMA-Cross-20-50,0.7268222590008081,1.8045292606558445,low,short
P-0023,0.11293331963858236,0.5763167699698097,0.7753798878121702,RSI-Mean-Revert,0.639713544016115,-2.918690108348685,low,short
P-0023,0.11293331963858236,0.5763167699698097,0.7753798878121702,MACD-Cross,0.7222237428936278,1.3261122820280935,low,short
P-0023,0.11293331963858236,0.5763167699698097,0.7753798878121702,Momentum-20d,0.6317182889168917,5.556000773762016,low,short
P-0023,0.11293331963858236,0.5763167699698097,0.7753798878121702,Bollinger-Revert,0.6612065459438699,0.0,low,short
P-0023,0.11293331963858236,0.5763167699698097,0.7753798878121702,Donchian-Breakout,0.6318999250148718,-0.9138639580083283,low,short
P-0023,0.11293331963858236,0.5763167699698097,0.7753798878121702,Volume-Spike,0.5456297170405527,0.0,low,short
P-0023,0.11293331963858236,0.5763167699698097,0.7753798878121702,Z-Score-Revert,0.6612065459438699,-0.7558489784044609,low,short
P-0023,0.11293331963858236,0.5763167699698097,0.7753798878121702,Random-Control,0.3053620619072531,-1.377156975312152,low,short
P-0024,0.3648103431760136,0.8211862360184732,0.28369464342494904,Buy-and-Hold,0.8240449551447343,6.21087307226782,high,long
P-0024,0.3648103431760136,0.8211862360184732,0.28369464342494904,SMA-Cross-20-50,0.8542964208636139,1.9377397598024764,high,long
P-0024,0.3648103431760136,0.8211862360184732,0.28369464342494904,RSI-Mean-Revert,0.6470423658212655,-2.9317354111618528,high,long
P-0024,0.3648103431760136,0.8211862360184732,0.28369464342494904,MACD-Cross,0.7631985016918449,1.3576628463027207,high,long
P-0024,0.3648103431760136,0.8211862360184732,0.28369464342494904,Momentum-20d,0.7444352962707645,5.939802183801953,high,long
P-0024,0.3648103431760136,0.8211862360184732,0.28369464342494904,Bollinger-Revert,0.6227298289509412,0.0,high,long
P-0024,0.3648103431760136,0.8211862360184732,0.28369464342494904,Donchian-Breakout,0.6395377828161639,-0.9181411583770519,high,long
P-0024,0.3648103431760136,0.8211862360184732,0.28369464342494904,Volume-Spike,0.5004760509116513,0.0,high,long
P-0024,0.3648103431760136,0.8211862360184732,0.28369464342494904,Z-Score-Revert,0.6227298289509412,-0.7383420721726783,high,long
P-0024,0.3648103431760136,0.8211862360184732,0.28369464342494904,Random-Control,0.45624141186801226,-1.5363346895207528,high,long
P-0025,0.29892066136433687,0.6618267682425456,0.5475188211307311,Buy-and-Hold,0.6711537708957381,5.690278589899989,mid,long
P-0025,0.29892066136433687,0.6618267682425456,0.5475188211307311,SMA-Cross-20-50,0.8907580902184802,1.9758422042783117,mid,long
P-0025,0.29892066136433687,0.6618267682425456,0.5475188211307311,RSI-Mean-Revert,0.7268544852209189,-3.0738009836932356,mid,long
P-0025,0.29892066136433687,0.6618267682425456,0.5475188211307311,MACD-Cross,0.8484756986402988,1.4233262879530302,mid,long
P-0025,0.29892066136433687,0.6618267682425456,0.5475188211307311,Momentum-20d,0.7617762089907627,5.998847991613546,mid,long
P-0025,0.29892066136433687,0.6618267682425456,0.5475188211307311,Bollinger-Revert,0.7265518620130188,0.0,mid,long
P-0025,0.29892066136433687,0.6618267682425456,0.5475188211307311,Donchian-Breakout,0.7218081198259825,-0.9642125471025503,mid,long
P-0025,0.29892066136433687,0.6618267682425456,0.5475188211307311,Volume-Spike,0.5968395780906938,0.0,mid,long
P-0025,0.29892066136433687,0.6618267682425456,0.5475188211307311,Z-Score-Revert,0.7265518620130188,-0.7855810972159236,mid,long
P-0025,0.29892066136433687,0.6618267682425456,0.5475188211307311,Random-Control,0.4294089180680164,-1.5080264085617572,mid,long
P-0026,0.09624516671128007,0.8705345997677939,0.25676523195362844,Buy-and-Hold,0.8682152092266457,6.361272787416729,low,long
P-0026,0.09624516671128007,0.8705345997677939,0.25676523195362844,SMA-Cross-20-50,0.7510206386096253,1.829816567347058,low,long
P-0026,0.09624516671128007,0.8705345997677939,0.25676523195362844,RSI-Mean-Revert,0.5386823892441293,-2.7388546528545503,low,long
P-0026,0.09624516671128007,0.8705345997677939,0.25676523195362844,MACD-Cross,0.6538415548646095,1.2734579972457494,low,long
P-0026,0.09624516671128007,0.8705345997677939,0.25676523195362844,Momentum-20d,0.6411639092144978,5.588163110875365,low,long
P-0026,0.09624516671128007,0.8705345997677939,0.25676523195362844,Bollinger-Revert,0.5179596256225731,0.0,low,long
P-0026,0.09624516671128007,0.8705345997677939,0.25676523195362844,Donchian-Breakout,0.5156678776246013,-0.8487740114697768,low,long
P-0026,0.09624516671128007,0.8705345997677939,0.25676523195362844,Volume-Spike,0.383195175530079,0.0,low,long
P-0026,0.09624516671128007,0.8705345997677939,0.25676523195362844,Z-Score-Revert,0.5179596256225731,-0.6906716296582708,low,long
P-0026,0.09624516671128007,0.8705345997677939,0.25676523195362844,Random-Control,0.34028445882221503,-1.4140001040574366,low,long
P-0027,0.395987313395504,0.3870189440868886,0.3862368960131358,Buy-and-Hold,0.5933517643959851,5.425362757768329,high,short
P-0027,0.395987313395504,0.3870189440868886,0.3862368960131358,SMA-Cross-20-50,0.8767570761152281,1.9612111445404132,high,short
P-0027,0.395987313395504,0.3870189440868886,0.3862368960131358,RSI-Mean-Revert,0.8560839170971414,-3.3038293724329115,high,short
P-0027,0.395987313395504,0.3870189440868886,0.3862368960131358,MACD-Cross,0.8896590106402691,1.4550374381930071,high,short
P-0027,0.395987313395504,0.3870189440868886,0.3862368960131358,Momentum-20d,0.921633448841816,6.543161893306383,high,short
P-0027,0.395987313395504,0.3870189440868886,0.3862368960131358,Bollinger-Revert,0.8221534954408903,0.0,high,short
P-0027,0.395987313395504,0.3870189440868886,0.3862368960131358,Donchian-Breakout,0.7853010743271703,-0.9997686016232155,high,short
P-0027,0.395987313395504,0.3870189440868886,0.3862368960131358,Volume-Spike,0.6855429961514456,0.0,high,short
P-0027,0.395987313395504,0.3870189440868886,0.3862368960131358,Z-Score-Revert,0.8221534954408903,-0.8290798404256051,high,short
P-0027,0.395987313395504,0.3870189440868886,0.3862368960131358,Random-Control,0.5976785686523373,-1.685550889928216,high,short
P-0028,0.25349054600379056,0.5450355764460519,0.08655310627480134,Buy-and-Hold,0.735403020827009,5.909047285915966,mid,short
P-0028,0.25349054600379056,0.5450355764460519,0.08655310627480134,SMA-Cross-20-50,0.7977336218804014,1.8786316348650194,mid,short
P-0028,0.25349054600379056,0.5450355764460519,0.08655310627480134,RSI-Mean-Revert,0.6579232204294793,-2.9511033323644735,mid,short
P-0028,0.25349054600379056,0.5450355764460519,0.08655310627480134,MACD-Cross,0.7208743126676006,1.3250732207540523,mid,short
P-0028,0.25349054600379056,0.5450355764460519,0.08655310627480134,Momentum-20d,0.7939564724097647,6.1084217885552485,mid,short
P-0028,0.25349054600379056,0.5450355764460519,0.08655310627480134,Bollinger-Revert,0.6154054307416464,0.0,mid,short
P-0028,0.25349054600379056,0.5450355764460519,0.08655310627480134,Donchian-Breakout,0.5983227980832175,-0.8950607669266019,mid,short
P-0028,0.25349054600379056,0.5450355764460519,0.08655310627480134,Volume-Spike,0.48552964978799484,0.0,mid,short
P-0028,0.25349054600379056,0.5450355764460519,0.08655310627480134,Z-Score-Revert,0.6154054307416464,-0.7350094709874491,mid,short
P-0028,0.25349054600379056,0.5450355764460519,0.08655310627480134,Random-Control,0.5441043326172958,-1.629030070911247,mid,short
P-0029,0.6281818928514328,0.5252984826399103,0.6294975764728938,Buy-and-Hold,0.5207474752490515,5.17814515322302,high,short
P-0029,0.6281818928514328,0.5252984826399103,0.6294975764728938,SMA-Cross-20-50,0.8082393588106132,1.8896101299570907,high,short
P-0029,0.6281818928514328,0.5252984826399103,0.6294975764728938,RSI-Mean-Revert,0.8490880525197021,-3.2913767334850696,high,short
P-0029,0.6281818928514328,0.5252984826399103,0.6294975764728938,MACD-Cross,0.8937922896847706,1.4582200630572735,high,short
P-0029,0.6281818928514328,0.5252984826399103,0.6294975764728938,Momentum-20d,0.7834367218660632,6.072602037953945,high,short
P-0029,0.6281818928514328,0.5252984826399103,0.6294975764728938,Bollinger-Revert,0.8678085575357847,0.0,high,short
P-0029,0.6281818928514328,0.5252984826399103,0.6294975764728938,Donchian-Breakout,0.9148968130560686,-1.0723422153113986,high,short
P-0029,0.6281818928514328,0.5252984826399103,0.6294975764728938,Volume-Spike,0.7837353808601293,0.0,high,short
P-0029,0.6281818928514328,0.5252984826399103,0.6294975764728938,Z-Score-Revert,0.8678085575357847,-0.8498528936787821,high,short
P-0029,0.6281818928514328,0.5252984826399103,0.6294975764728938,Random-Control,0.5341562917691217,-1.6185348878164232,high,short
P-0030,0.22661914083185933,0.31502658576706494,0.623688361381928,Buy-and-Hold,0.5019549362050861,5.114156557778318,mid,short
P-0030,0.22661914083185933,0.31502658576706494,0.623688361381928,SMA-Cross-20-50,0.7681183835350528,1.8476837107941302,mid,short
P-0030,0.22661914083185933,0.31502658576706494,0.623688361381928,RSI-Mean-Revert,0.7727425285318432,-3.155481700786681,mid,short
P-0030,0.22661914083185933,0.31502658576706494,0.623688361381928,MACD-Cross,0.7964882731684763,1.3832959703397267,mid,short
P-0030,0.22661914083185933,0.31502658576706494,0.623688361381928,Momentum-20d,0.7505127053468585,5.960495761706053,mid,short
P-0030,0.22661914083185933,0.31502658576706494,0.623688361381928,Bollinger-Revert,0.783820905468086,0.0,mid,short
P-0030,0.22661914083185933,0.31502658576706494,0.623688361381928,Donchian-Breakout,0.721988574924141,-0.964313601957519,mid,short
P-0030,0.22661914083185933,0.31502658576706494,0.623688361381928,Volume-Spike,0.6595002734792099,0.0,mid,short
P-0030,0.22661914083185933,0.31502658576706494,0.623688361381928,Z-Score-Revert,0.783820905468086,-0.8116385119879792,mid,short
P-0030,0.22661914083185933,0.31502658576706494,0.623688361381928,Random-Control,0.4557373837922424,-1.5358029399008157,mid,short
P-0031,0.5606250264600108,0.8862572719262435,0.6263509011977075,Buy-and-Hold,0.6258195225604882,5.535915474318462,high,long
P-0031,0.5606250264600108,0.8862572719262435,0.6263509011977075,SMA-Cross-20-50,0.769798381609404,1.8494393087818268,high,long
P-0031,0.5606250264600108,0.8862572719262435,0.6263509011977075,RSI-Mean-Revert,0.653006951241023,-2.942352373209021,high,long
P-0031,0.5606250264600108,0.8862572719262435,0.6263509011977075,MACD-Cross,0.7627697151270846,1.3573326806478552,high,long
P-0031,0.5606250264600108,0.8862572719262435,0.6263509011977075,Momentum-20d,0.6600850895459347,5.652589729903907,high,long
P-0031,0.5606250264600108,0.8862572719262435,0.6263509011977075,Bollinger-Revert,0.6604206781807782,0.0,high,long
P-0031,0.5606250264600108,0.8862572719262435,0.6263509011977075,Donchian-Breakout,0.7075586168452689,-0.9562328254333506,high,long
P-0031,0.5606250264600108,0.8862572719262435,0.6263509011977075,Volume-Spike,0.5782284935405149,0.0,high,long
P-0031,0.5606250264600108,0.8862572719262435,0.6263509011977075,Z-Score-Revert,0.6604206781807782,-0.7554914085722542,high,long
P-0031,0.5606250264600108,0.8862572719262435,0.6263509011977075,Random-Control,0.3874394392515552,-1.4637486084103906,high,long
P-0032,0.1640564553357773,0.6091245437930853,0.09158393430674937,Buy-and-Hold,0.7733237324363622,6.0381673089458126,low,short
P-0032,0.1640564553357773,0.6091245437930853,0.09158393430674937,SMA-Cross-20-50,0.7757433886921402,1.8556518411832863,low,short
P-0032,0.1640564553357773,0.6091245437930853,0.09158393430674937,RSI-Mean-Revert,0.6116666207041327,-2.868766584853356,low,short
P-0032,0.1640564553357773,0.6091245437930853,0.09158393430674937,MACD-Cross,0.688246938546994,1.2999501426811855,low,short
P-0032,0.1640564553357773,0.6091245437930853,0.09158393430674937,Momentum-20d,0.7417827810690631,5.930770369540159,low,short
P-0032,0.1640564553357773,0.6091245437930853,0.09158393430674937,Bollinger-Revert,0.57413161126756,0.0,low,short
P-0032,0.1640564553357773,0.6091245437930853,0.09158393430674937,Donchian-Breakout,0.5567335437388623,-0.871770784493763,low,short
P-0032,0.1640564553357773,0.6091245437930853,0.09158393430674937,Volume-Spike,0.43964975437153286,0.0,low,short
P-0032,0.1640564553357773,0.6091245437930853,0.09158393430674937,Z-Score-Revert,0.57413161126756,-0.7162298831267399,low,short
P-0032,0.1640564553357773,0.6091245437930853,0.09158393430674937,Random-Control,0.48063875159045577,-1.5620738829279308,low,short
P-0033,0.0688624480669468,0.44769285237391054,0.5571671073504637,Buy-and-Hold,0.5791904599904878,5.37714351626761,low,short
P-0033,0.0688624480669468,0.44769285237391054,0.5571671073504637,SMA-Cross-20-50,0.7708340883761846,1.8505216223531127,low,short
P-0033,0.0688624480669468,0.44769285237391054,0.5571671073504637,RSI-Mean-Revert,0.6800060647040334,-2.9904107951731795,low,short
P-0033,0.0688624480669468,0.44769285237391054,0.5571671073504637,MACD-Cross,0.747094415151673,1.3452626996667882,low,short
P-0033,0.0688624480669468,0.44769285237391054,0.5571671073504637,Momentum-20d,0.7088590730949524,5.818665143888313,low,short
P-0033,0.0688624480669468,0.44769285237391054,0.5571671073504637,Bollinger-Revert,0.6807535255175059,0.0,low,short
P-0033,0.0688624480669468,0.44769285237391054,0.5571671073504637,Donchian-Breakout,0.6337378560282569,-0.914893199375824,low,short
P-0033,0.0688624480669468,0.44769285237391054,0.5571671073504637,Volume-Spike,0.5467469050716381,0.0,low,short
P-0033,0.0688624480669468,0.44769285237391054,0.5571671073504637,Z-Score-Revert,0.6807535255175059,-0.7647428541104652,low,short
P-0033,0.0688624480669468,0.44769285237391054,0.5571671073504637,Random-Control,0.3884132290131247,-1.4647759566088465,low,short
P-0034,0.5079425083905975,0.37007153364428214,0.5606934890576706,Buy-and-Hold,0.5156182799832038,5.160680243342808,high,short
P-0034,0.5079425083905975,0.37007153364428214,0.5606934890576706,SMA-Cross-20-50,0.8264670231302089,1.9086580391710681,high,short
P-0034,0.5079425083905975,0.37007153364428214,0.5606934890576706,RSI-Mean-Revert,0.9245716649114969,-3.4257375635424645,high,short
P-0034,0.5079425083905975,0.37007153364428214,0.5606934890576706,MACD-Cross,0.9170779695073394,1.4761500365206515,high,short
P-0034,0.5079425083905975,0.37007153364428214,0.5606934890576706,Momentum-20d,0.8484305530183145,6.29390603302736,high,short
P-0034,0.5079425083905975,0.37007153364428214,0.5606934890576706,Bollinger-Revert,0.9294554434154403,0.0,high,short
P-0034,0.5079425083905975,0.37007153364428214,0.5606934890576706,Donchian-Breakout,0.885505757081909,-1.055883223965869,high,short
P-0034,0.5079425083905975,0.37007153364428214,0.5606934890576706,Volume-Spike,0.7889484984241841,0.0,high,short
P-0034,0.5079425083905975,0.37007153364428214,0.5606934890576706,Z-Score-Revert,0.9294554434154403,-0.8779022267540254,high,short
P-0034,0.5079425083905975,0.37007153364428214,0.5606934890576706,Random-Control,0.5753335039179979,-1.6619768466334877,high,short
P-0035,0.04625077045058682,0.6082783094308755,0.1641629351593701,Buy-and-Hold,0.7542348067106622,5.973169516849804,low,short
P-0035,0.04625077045058682,0.6082783094308755,0.1641629351593701,SMA-Cross-20-50,0.754489532493025,1.8334415614552109,low,short
P-0035,0.04625077045058682,0.6082783094308755,0.1641629351593701,RSI-Mean-Revert,0.5858904092663003,-2.8228849284940147,low,short
P-0035,0.04625077045058682,0.6082783094308755,0.1641629351593701,MACD-Cross,0.6681370314267931,1.2844655141986308,low,short
P-0035,0.04625077045058682,0.6082783094308755,0.1641629351593701,Momentum-20d,0.7012693935552262,5.792822285055545,low,short
P-0035,0.04625077045058682,0.6082783094308755,0.1641629351593701,Bollinger-Revert,0.5559175480532836,0.0,low,short
P-0035,0.04625077045058682,0.6082783094308755,0.1641629351593701,Donchian-Breakout,0.5307019936100551,-0.857193116421631,low,short
P-0035,0.04625077045058682,0.6082783094308755,0.1641629351593701,Volume-Spike,0.41634758087394486,0.0,low,short
P-0035,0.04625077045058682,0.6082783094308755,0.1641629351593701,Z-Score-Revert,0.5559175480532836,-0.7079424843642441,low,short
P-0035,0.04625077045058682,0.6082783094308755,0.1641629351593701,Random-Control,0.4185695638988659,-1.4965908899133036,low,short
P-0036,0.11893728837457813,0.1650049964049333,0.48097212785317217,Buy-and-Hold,0.46804524583201457,4.998694062058009,low,short
P-0036,0.11893728837457813,0.1650049964049333,0.48097212785317217,SMA-Cross-20-50,0.6973597369218819,1.7737409250833664,low,short
P-0036,0.11893728837457813,0.1650049964049333,0.48097212785317217,RSI-Mean-Revert,0.71132079890735,-3.046151022055083,low,short
P-0036,0.11893728837457813,0.1650049964049333,0.48097212785317217,MACD-Cross,0.7068603844903625,1.3142824960575792,low,short
P-0036,0.11893728837457813,0.1650049964049333,0.48097212785317217,Momentum-20d,0.7212035671165131,5.8606981460317265,low,short
P-0036,0.11893728837457813,0.1650049964049333,0.48097212785317217,Bollinger-Revert,0.7034573567147341,0.0,low,short
P-0036,0.11893728837457813,0.1650049964049333,0.48097212785317217,Donchian-Breakout,0.6316595049396392,-0.913729322766198,low,short
P-0036,0.11893728837457813,0.1650049964049333,0.48097212785317217,Volume-Spike,0.5864606926299273,0.0,low,short
P-0036,0.11893728837457813,0.1650049964049333,0.48097212785317217,Z-Score-Revert,0.7034573567147341,-0.775073097305204,low,short
P-0036,0.11893728837457813,0.1650049964049333,0.48097212785317217,Random-Control,0.46908293277233637,-1.5498824940748148,low,short
P-0037,0.43580332116414594,0.564261053687043,0.5426991057233388,Buy-and-Hold,0.6163968483731261,5.503831268710494,high,short
P-0037,0.43580332116414594,0.564261053687043,0.5426991057233388,SMA-Cross-20-50,0.9125887404960817,1.9986552338184054,high,short
P-0037,0.43580332116414594,0.564261053687043,0.5426991057233388,RSI-Mean-Revert,0.8186920966366112,-3.2372719320131678,high,short
P-0037,0.43580332116414594,0.564261053687043,0.5426991057233388,MACD-Cross,0.9420520054298809,1.4953800441810083,high,short
P-0037,0.43580332116414594,0.564261053687043,0.5426991057233388,Momentum-20d,0.8267893736411842,6.220217817248232,high,short
P-0037,0.43580332116414594,0.564261053687043,0.5426991057233388,Bollinger-Revert,0.8173547643459085,0.0,high,short
P-0037,0.43580332116414594,0.564261053687043,0.5426991057233388,Donchian-Breakout,0.8173665133377981,-1.017725247469167,high,short
P-0037,0.43580332116414594,0.564261053687043,0.5426991057233388,Volume-Spike,0.6890504288213823,0.0,high,short
P-0037,0.43580332116414594,0.564261053687043,0.5426991057233388,Z-Score-Revert,0.8173547643459085,-0.8268964177773884,high,short
P-0037,0.43580332116414594,0.564261053687043,0.5426991057233388,Random-Control,0.508221187264792,-1.5911733525643554,high,short
P-0038,0.24392524862993042,0.4114891936974281,0.026465615601330005,Buy-and-Hold,0.656643187392961,5.640870053073032,mid,short
P-0038,0.24392524862993042,0.4114891936974281,0.026465615601330005,SMA-Cross-20-50,0.7421734507876996,1.820571256073146,mid,short
P-0038,0.24392524862993042,0.4114891936974281,0.026465615601330005,RSI-Mean-Revert,0.651932055443966,-2.94043905869026,mid,short
P-0038,0.24392524862993042,0.4114891936974281,0.026465615601330005,MACD-Cross,0.6850167970989555,1.2974629337661956,mid,short
P-0038,0.24392524862993042,0.4114891936974281,0.026465615601330005,Momentum-20d,0.7835688413456299,6.073051904781869,mid,short
P-0038,0.24392524862993042,0.4114891936974281,0.026465615601330005,Bollinger-Revert,0.6049638164411937,0.0,mid,short
P-0038,0.24392524862993042,0.4114891936974281,0.026465615601330005,Donchian-Breakout,0.5768854093366474,-0.8830558292285228,mid,short
P-0038,0.24392524862993042,0.4114891936974281,0.026465615601330005,Volume-Spike,0.4811566147897266,0.0,mid,short
P-0038,0.24392524862993042,0.4114891936974281,0.026465615601330005,Z-Score-Revert,0.6049638164411937,-0.7302585364807431,mid,short
P-0038,0.24392524862993042,0.4114891936974281,0.026465615601330005,Random-Control,0.5804128910525135,-1.6673356000604016,mid,short
P-0039,0.2768931445268666,0.511714489071825,0.2990454695890404,Buy-and-Hold,0.69234521791379,5.762435466996455,mid,short
P-0039,0.2768931445268666,0.511714489071825,0.2990454695890404,SMA-Cross-20-50,0.8948945822601118,1.9801648384618167,mid,short
P-0039,0.2768931445268666,0.511714489071825,0.2990454695890404,RSI-Mean-Revert,0.7486013867517898,-3.112510468418186,mid,short
P-0039,0.2768931445268666,0.511714489071825,0.2990454695890404,MACD-Cross,0.826509729853984,1.4064124919875678,mid,short
P-0039,0.2768931445268666,0.511714489071825,0.2990454695890404,Momentum-20d,0.8559424800574507,6.319484144595619,mid,short
P-0039,0.2768931445268666,0.511714489071825,0.2990454695890404,Bollinger-Revert,0.7172782909458127,0.0,mid,short
P-0039,0.2768931445268666,0.511714489071825,0.2990454695890404,Donchian-Breakout,0.6933660338493559,-0.9482849789556393,mid,short
P-0039,0.2768931445268666,0.511714489071825,0.2990454695890404,Volume-Spike,0.5790600833066664,0.0,mid,short
P-0039,0.2768931445268666,0.511714489071825,0.2990454695890404,Z-Score-Revert,0.7172782909458127,-0.7813616223803448,mid,short
P-0039,0.2768931445268666,0.511714489071825,0.2990454695890404,Random-Control,0.5355292737136099,-1.6199833837678583,mid,short
P-0040,0.479835745865537,0.3798941860573315,0.3764480358601484,Buy-and-Hold,0.5760256369069175,5.366367293668054,high,short
P-0040,0.479835745865537,0.3798941860573315,0.3764480358601484,SMA-Cross-20-50,0.8641385378849518,1.9480247720897745,high,short
P-0040,0.479835745865537,0.3798941860573315,0.3764480358601484,RSI-Mean-Revert,0.8903222648236048,-3.3647736313860164,high,short
P-0040,0.479835745865537,0.3798941860573315,0.3764480358601484,MACD-Cross,0.8998383114984488,1.4628754998538056,high,short
P-0040,0.479835745865537,0.3798941860573315,0.3764480358601484,Momentum-20d,0.9529003075524162,6.649625547215976,high,short
P-0040,0.479835745865537,0.3798941860573315,0.3764480358601484,Bollinger-Revert,0.8463792444489344,0.0,high,short
P-0040,0.479835745865537,0.3798941860573315,0.3764480358601484,Donchian-Breakout,0.8184767937483226,-1.0183470044990608,high,short
P-0040,0.479835745865537,0.3798941860573315,0.3764480358601484,Volume-Spike,0.7174208421807778,0.0,high,short
P-0040,0.479835745865537,0.3798941860573315,0.3764480358601484,Z-Score-Revert,0.8463792444489344,-0.8401025562242652,high,short
P-0040,0.479835745865537,0.3798941860573315,0.3764480358601484,Random-Control,0.6364105430828018,-1.7264131229523558,high,short
P-0041,0.4232122092470457,0.8026789478870535,0.17248222517942352,Buy-and-Hold,0.8229755563668606,6.20723176942916,high,long
P-0041,0.4232122092470457,0.8026789478870535,0.17248222517942352,SMA-Cross-20-50,0.8235706936343075,1.905631374847851,high,long
P-0041,0.4232122092470457,0.8026789478870535,0.17248222517942352,RSI-Mean-Revert,0.6388869334813231,-2.917218741596755,high,long
P-0041,0.4232122092470457,0.8026789478870535,0.17248222517942352,MACD-Cross,0.7387346156834939,1.3388256540762904,high,long
P-0041,0.4232122092470457,0.8026789478870535,0.17248222517942352,Momentum-20d,0.7521374824791405,5.966028127841473,high,long
P-0041,0.4232122092470457,0.8026789478870535,0.17248222517942352,Bollinger-Revert,0.6055757379860773,0.0,high,long
P-0041,0.4232122092470457,0.8026789478870535,0.17248222517942352,Donchian-Breakout,0.6251519134507675,-0.9100850715324299,high,long
P-0041,0.4232122092470457,0.8026789478870535,0.17248222517942352,Volume-Spike,0.48896642111684074,0.0,high,long
P-0041,0.4232122092470457,0.8026789478870535,0.17248222517942352,Z-Score-Revert,0.6055757379860773,-0.7305369607836653,high,long
P-0041,0.4232122092470457,0.8026789478870535,0.17248222517942352,Random-Control,0.4997219375795148,-1.582206644146388,high,long
P-0042,0.2031280864899692,0.7406000928402765,0.07630838634611067,Buy-and-Hold,0.8496012086517015,6.297892115459043,mid,long
P-0042,0.2031280864899692,0.7406000928402765,0.07630838634611067,SMA-Cross-20-50,0.7666881934794454,1.8461891621860202,mid,long
P-0042,0.2031280864899692,0.7406000928402765,0.07630838634611067,RSI-Mean-Revert,0.5792267669220509,-2.8110236451212507,mid,long
P-0042,0.2031280864899692,0.7406000928402765,0.07630838634611067,MACD-Cross,0.6705884432372915,1.2863531012927145,mid,long
P-0042,0.2031280864899692,0.7406000928402765,0.07630838634611067,Momentum-20d,0.7089219495891219,5.81887923835096,mid,long
P-0042,0.2031280864899692,0.7406000928402765,0.07630838634611067,Bollinger-Revert,0.5432401565536553,0.0,mid,long
P-0042,0.2031280864899692,0.7406000928402765,0.07630838634611067,Donchian-Breakout,0.5391518587468902,-0.8619250408982586,mid,long
P-0042,0.2031280864899692,0.7406000928402765,0.07630838634611067,Volume-Spike,0.41192523988350094,0.0,mid,long
P-0042,0.2031280864899692,0.7406000928402765,0.07630838634611067,Z-Score-Revert,0.5432401565536553,-0.7021742712319132,mid,long
P-0042,0.2031280864899692,0.7406000928402765,0.07630838634611067,Random-Control,0.45172333242761153,-1.53156811571113,mid,long
P-0043,0.052897264407406976,0.7498349986770997,0.4712646242237985,Buy-and-Hold,0.7279343437662217,5.883616440523984,low,long
P-0043,0.052897264407406976,0.7498349986770997,0.4712646242237985,SMA-Cross-20-50,0.777881801323269,1.8578864823828158,low,long
P-0043,0.052897264407406976,0.7498349986770997,0.4712646242237985,RSI-Mean-Revert,0.590732910701449,-2.8315045810485793,low,long
P-0043,0.052897264407406976,0.7498349986770997,0.4712646242237985,MACD-Cross,0.7038333213884643,1.3119516574691175,low,long
P-0043,0.052897264407406976,0.7498349986770997,0.4712646242237985,Momentum-20d,0.6576468908742001,5.644287663426651,low,long
P-0043,0.052897264407406976,0.7498349986770997,0.4712646242237985,Bollinger-Revert,0.584369664924882,0.0,low,long
P-0043,0.052897264407406976,0.7498349986770997,0.4712646242237985,Donchian-Breakout,0.5688390580123383,-0.8785498724869094,low,long
P-0043,0.052897264407406976,0.7498349986770997,0.4712646242237985,Volume-Spike,0.4483960069543663,0.0,low,long
P-0043,0.052897264407406976,0.7498349986770997,0.4712646242237985,Z-Score-Revert,0.584369664924882,-0.7208881975408213,low,long
P-0043,0.052897264407406976,0.7498349986770997,0.4712646242237985,Random-Control,0.32621494124636485,-1.3991567630149149,low,long
P-0044,0.15792929255959193,0.4915269555777179,0.10962906642400912,Buy-and-Hold,0.7053773598602227,5.806809910324057,low,short
P-0044,0.15792929255959193,0.4915269555777179,0.10962906642400912,SMA-Cross-20-50,0.7729317959784399,1.8527137267974696,low,short
P-0044,0.15792929255959193,0.4915269555777179,0.10962906642400912,RSI-Mean-Revert,0.6419969502593947,-2.9227545714617227,low,short
P-0044,0.15792929255959193,0.4915269555777179,0.10962906642400912,MACD-Cross,0.7002925720242301,1.3092252804586573,low,short
P-0044,0.15792929255959193,0.4915269555777179,0.10962906642400912,Momentum-20d,0.7678860589877599,6.019652030853322,low,short
P-0044,0.15792929255959193,0.4915269555777179,0.10962906642400912,Bollinger-Revert,0.6031067576010223,0.0,low,short
P-0044,0.15792929255959193,0.4915269555777179,0.10962906642400912,Donchian-Breakout,0.5746838478032061,-0.8818229547697956,low,short
P-0044,0.15792929255959193,0.4915269555777179,0.10962906642400912,Volume-Spike,0.4690321420924408,0.0,low,short
P-0044,0.15792929255959193,0.4915269555777179,0.10962906642400912,Z-Score-Revert,0.6031067576010223,-0.7294135747084651,low,short
P-0044,0.15792929255959193,0.4915269555777179,0.10962906642400912,Random-Control,0.5114713164374536,-1.5946022388415135,low,short
P-0045,0.17389174406264576,0.6056756123628834,0.35104796550894807,Buy-and-Hold,0.7296924931985429,5.889602939341038,low,short
P-0045,0.17389174406264576,0.6056756123628834,0.35104796550894807,SMA-Cross-20-50,0.8663917945888815,1.950379425345381,low,short
P-0045,0.17389174406264576,0.6056756123628834,0.35104796550894807,RSI-Mean-Revert,0.6852553763496396,-2.9997545699023584,low,short
P-0045,0.17389174406264576,0.6056756123628834,0.35104796550894807,MACD-Cross,0.7842063962812329,1.3738389251365493,low,short
P-0045,0.17389174406264576,0.6056756123628834,0.35104796550894807,Momentum-20d,0.7754597683458094,6.04544051121748,low,short
P-0045,0.17389174406264576,0.6056756123628834,0.35104796550894807,Bollinger-Revert,0.6648468304149919,0.0,low,short
P-0045,0.17389174406264576,0.6056756123628834,0.35104796550894807,Donchian-Breakout,0.6435969182870208,-0.9204142742407316,low,short
P-0045,0.17389174406264576,0.6056756123628834,0.35104796550894807,Volume-Spike,0.5244821163565068,0.0,low,short
P-0045,0.17389174406264576,0.6056756123628834,0.35104796550894807,Z-Score-Revert,0.6648468304149919,-0.7575053078388213,low,short
P-0045,0.17389174406264576,0.6056756123628834,0.35104796550894807,Random-Control,0.4504014500361999,-1.5301735297881909,low,short
P-0046,0.4552325047221421,0.3010014667211861,0.8149458377550209,Buy-and-Hold,0.40421196948470006,4.7813417560954035,high,short
P-0046,0.4552325047221421,0.3010014667211861,0.8149458377550209,SMA-Cross-20-50,0.7029978671507675,1.779632771172552,high,short
P-0046,0.4552325047221421,0.3010014667211861,0.8149458377550209,RSI-Mean-Revert,0.7998754459977235,-3.203778293875948,high,short
P-0046,0.4552325047221421,0.3010014667211861,0.8149458377550209,MACD-Cross,0.7833624950908513,1.3731891212199556,high,short
P-0046,0.4552325047221421,0.3010014667211861,0.8149458377550209,Momentum-20d,0.6961502267863116,5.77539152220739,high,short
P-0046,0.4552325047221421,0.3010014667211861,0.8149458377550209,Bollinger-Revert,0.850377871742595,0.0,high,short
P-0046,0.4552325047221421,0.3010014667211861,0.8149458377550209,Donchian-Breakout,0.8034348712647126,-1.0099235279082392,high,short
P-0046,0.4552325047221421,0.3010014667211861,0.8149458377550209,Volume-Spike,0.7822245287019968,0.0,high,short
P-0046,0.4552325047221421,0.3010014667211861,0.8149458377550209,Z-Score-Revert,0.850377871742595,-0.8419219316428808,high,short
P-0046,0.4552325047221421,0.3010014667211861,0.8149458377550209,Random-Control,0.4515608715168594,-1.5313967194502864,high,short
P-0047,0.5640587698096096,0.5974433119179948,0.07810513809544119,Buy-and-Hold,0.6863813037181091,5.742128339160161,high,short
P-0047,0.5640587698096096,0.5974433119179948,0.07810513809544119,SMA-Cross-20-50,0.7914030051942693,1.8720161404280113,high,short
P-0047,0.5640587698096096,0.5974433119179948,0.07810513809544119,RSI-Mean-Revert,0.70124727597682,-3.02822015123874,high,short
P-0047,0.5640587698096096,0.5974433119179948,0.07810513809544119,MACD-Cross,0.7472854050326503,1.3454097618751408,high,short
P-0047,0.5640587698096096,0.5974433119179948,0.07810513809544119,Momentum-20d,0.8245722207950801,6.212668411807248,high,short
P-0047,0.5640587698096096,0.5974433119179948,0.07810513809544119,Bollinger-Revert,0.6525624551497431,0.0,high,short
P-0047,0.5640587698096096,0.5974433119179948,0.07810513809544119,Donchian-Breakout,0.6684188755024387,-0.9343145702813658,high,short
P-0047,0.5640587698096096,0.5974433119179948,0.07810513809544119,Volume-Spike,0.5526438147086115,0.0,high,short
P-0047,0.5640587698096096,0.5974433119179948,0.07810513809544119,Z-Score-Revert,0.6525624551497431,-0.7519159170931331,high,short
P-0047,0.5640587698096096,0.5974433119179948,0.07810513809544119,Random-Control,0.650520972822553,-1.7412996263277933,high,short
P-0048,0.08919630954948148,0.9564092802533909,0.526776043254296,Buy-and-Hold,0.7441905658755106,5.938968876806113,low,long
P-0048,0.08919630954948148,0.9564092802533909,0.526776043254296,SMA-Cross-20-50,0.7173349012278447,1.7946149717830977,low,long
P-0048,0.08919630954948148,0.9564092802533909,0.526776043254296,RSI-Mean-Revert,0.5195451773326307,-2.7047904156520826,low,long
P-0048,0.08919630954948148,0.9564092802533909,0.526776043254296,MACD-Cross,0.645135678659416,1.2667544725677504,low,long
P-0048,0.08919630954948148,0.9564092802533909,0.526776043254296,Momentum-20d,0.5797705654312413,5.379118775293376,low,long
P-0048,0.08919630954948148,0.9564092802533909,0.526776043254296,Bollinger-Revert,0.5179366220014424,0.0,low,long
P-0048,0.08919630954948148,0.9564092802533909,0.526776043254296,Donchian-Breakout,0.5211005034938381,-0.8518162819565493,low,long
P-0048,0.08919630954948148,0.9564092802533909,0.526776043254296,Volume-Spike,0.3924356207494917,0.0,low,long
P-0048,0.08919630954948148,0.9564092802533909,0.526776043254296,Z-Score-Revert,0.5179366220014424,-0.6906611630106564,low,long
P-0048,0.08919630954948148,0.9564092802533909,0.526776043254296,Random-Control,0.2542716134545673,-1.3232565521945685,low,long
P-0049,0.2339890354013085,0.6716336786512034,0.3014806632906197,Buy-and-Hold,0.7767108353101442,6.04970039423104,mid,long
P-0049,0.2339890354013085,0.6716336786512034,0.3014806632906197,SMA-Cross-20-50,0.8811203914461524,1.9657708090612291,mid,long
P-0049,0.2339890354013085,0.6716336786512034,0.3014806632906197,RSI-Mean-Revert,0.6777756762947988,-2.986440703804742,mid,long
P-0049,0.2339890354013085,0.6716336786512034,0.3014806632906197,MACD-Cross,0.7842610528272629,1.3738810106769925,mid,long
P-0049,0.2339890354013085,0.6716336786512034,0.3014806632906197,Momentum-20d,0.7804938261854641,6.062581478161505,mid,long
P-0049,0.2339890354013085,0.6716336786512034,0.3014806632906197,Bollinger-Revert,0.6530180544064293,0.0,mid,long
P-0049,0.2339890354013085,0.6716336786512034,0.3014806632906197,Donchian-Breakout,0.644067015252779,-0.9206775285415563,mid,long
P-0049,0.2339890354013085,0.6716336786512034,0.3014806632906197,Volume-Spike,0.5163939617776703,0.0,mid,long
P-0049,0.2339890354013085,0.6716336786512034,0.3014806632906197,Z-Score-Revert,0.6530180544064293,-0.7521232147549254,mid,long
P-0049,0.2339890354013085,0.6716336786512034,0.3014806632906197,Random-Control,0.4642058050979714,-1.5447371243783596,mid,long
